datetime,2301738,2301740,2301745,2301750,2307498,2307674,2307780
2020-01-01,20.65,13.4,7.39,0.81,13.27,5.35,40.95
2020-01-02,20.61,13.36,7.38,0.78,13.25,5.32,40.93
2020-01-03,20.58,13.34,7.38,0.76,13.27,5.31,40.92
2020-01-04,20.68,13.46,7.52,0.91,13.36,5.66,41.38
2020-01-05,20.82,13.6,7.58,1.01,13.34,5.77,41.14
2020-01-06,20.75,13.51,7.5,0.89,13.33,5.55,41.02
2020-01-07,20.67,13.46,7.46,0.83,13.34,5.44,40.99
2020-01-08,20.58,13.4,7.45,0.79,13.32,5.37,40.97
2020-01-09,20.51,13.36,7.42,0.75,13.29,5.32,40.95
2020-01-10,20.46,13.32,7.4,0.74,13.29,5.3,40.94
2020-01-11,20.42,13.29,7.4,0.72,13.3,5.29,40.94
2020-01-12,20.39,13.27,7.39,0.71,13.33,5.28,40.94
2020-01-13,20.36,13.25,7.39,0.7,13.31,5.27,40.94
2020-01-14,20.34,13.24,7.38,0.69,13.3,5.25,40.93
2020-01-15,20.33,13.23,7.39,0.7,13.32,5.25,40.93
2020-01-16,20.32,13.22,7.38,0.73,13.34,5.23,40.92
2020-01-17,20.31,13.2,7.38,0.67,13.33,5.21,40.92
2020-01-18,20.28,13.19,7.37,0.63,13.29,5.19,40.91
2020-01-19,20.26,13.18,7.36,0.62,13.31,5.17,40.91
2020-01-20,20.23,13.17,7.37,0.62,13.35,5.16,40.9
2020-01-21,20.19,13.14,7.37,0.61,13.34,5.13,40.89
2020-01-22,20.15,13.11,7.37,0.6,13.3,5.1,40.88
2020-01-23,20.12,13.1,7.41,0.59,13.27,5.09,40.89
2020-01-24,20.12,13.11,7.36,0.59,13.27,5.1,40.89
2020-01-25,20.13,13.1,7.35,0.59,13.3,5.1,40.89
2020-01-26,20.1,13.09,7.35,0.58,13.29,5.09,40.89
2020-01-27,20.09,13.1,7.4,0.58,13.29,5.08,40.9
2020-01-28,20.08,13.09,7.46,0.58,13.3,5.08,40.9
2020-01-29,20.07,13.09,7.45,0.58,13.29,5.08,40.9
2020-01-30,20.08,13.1,7.42,0.61,13.31,5.08,40.9
2020-01-31,20.1,13.11,7.35,0.6,13.3,5.09,40.89
2020-02-01,20.22,13.18,7.38,0.66,13.37,5.23,41.06
2020-02-02,20.32,13.19,7.38,0.71,13.38,5.26,40.93
2020-02-03,20.31,13.15,7.36,0.63,13.37,5.17,40.88
2020-02-04,20.29,13.14,7.36,0.6,13.37,5.12,40.85
2020-02-05,20.26,13.13,7.36,0.59,13.36,5.09,40.84
2020-02-06,20.25,13.13,7.38,0.59,13.33,5.09,40.85
2020-02-07,20.66,13.61,7.6,1.03,13.5,5.58,41.21
2020-02-08,20.7,13.48,7.48,0.85,13.44,5.4,40.94
2020-02-09,20.61,13.39,7.44,0.76,13.4,5.27,40.88
2020-02-10,20.54,13.33,7.41,0.73,13.4,5.24,40.86
2020-02-11,20.49,13.29,7.39,0.71,13.41,5.19,40.84
2020-02-12,20.46,13.26,7.38,0.7,13.42,5.14,40.83
2020-02-13,20.44,13.24,7.38,0.67,13.43,5.11,40.82
2020-02-14,20.44,13.23,7.38,0.65,13.46,5.09,40.85
2020-02-15,20.45,13.2,7.38,0.63,13.42,5.06,40.82
2020-02-16,20.43,13.18,7.37,0.61,13.4,5.04,40.81
2020-02-17,20.37,13.17,7.37,0.6,13.41,5.03,40.8
2020-02-18,20.32,13.16,7.36,0.61,13.4,5.02,40.8
2020-02-19,20.31,13.15,7.34,0.64,13.42,5.01,40.8
2020-02-20,20.3,13.14,7.35,0.64,13.42,5.01,40.79
2020-02-21,20.29,13.13,7.36,0.64,13.46,5.0,40.78
2020-02-22,20.27,13.12,7.35,0.63,13.4,4.97,40.77
2020-02-23,20.22,13.1,7.34,0.61,13.38,4.97,40.77
2020-02-24,20.19,13.09,7.34,0.6,13.36,4.97,40.76
2020-02-25,20.16,13.08,7.34,0.58,13.35,4.97,40.76
2020-02-26,20.15,13.09,7.37,0.61,13.43,5.08,40.86
2020-02-27,20.19,13.11,7.38,0.65,13.5,5.31,40.87
2020-02-28,20.19,13.1,7.35,0.61,13.46,5.21,40.79
2020-02-29,20.18,13.09,7.34,0.57,13.47,5.13,40.77
2020-03-01,20.16,13.08,7.33,0.55,13.43,5.09,40.76
2020-03-02,20.13,13.08,7.32,0.53,13.42,5.04,40.76
2020-03-03,20.11,13.08,7.31,0.52,13.42,5.02,40.76
2020-03-04,20.11,13.08,7.32,0.51,13.42,5.01,40.75
2020-03-05,20.11,13.07,7.32,0.51,13.42,5.0,40.75
2020-03-06,20.12,13.07,7.32,0.5,13.5,4.98,40.74
2020-03-07,20.15,13.06,7.27,0.47,13.44,4.96,40.73
2020-03-08,20.15,13.05,7.23,0.45,13.4,4.97,40.72
2020-03-09,20.13,13.03,7.24,0.45,13.39,5.01,40.73
2020-03-10,20.12,13.03,7.24,0.45,13.38,5.02,40.74
2020-03-11,20.11,13.02,7.25,0.45,13.39,5.04,40.74
2020-03-12,20.08,13.03,7.25,0.43,13.38,5.05,40.75
2020-03-13,20.06,13.02,7.25,0.42,13.38,5.05,40.75
2020-03-14,20.06,13.0,7.25,0.4,13.37,5.05,40.76
2020-03-15,20.04,12.99,7.25,0.38,13.37,5.03,40.76
2020-03-16,20.0,12.99,7.27,0.37,13.36,5.02,40.77
2020-03-17,19.95,12.99,7.25,0.35,13.35,5.01,40.77
2020-03-18,19.93,12.99,7.25,0.34,13.34,5.01,40.8
2020-03-19,19.91,12.99,7.26,0.33,13.33,5.0,40.82
2020-03-20,19.9,13.0,7.25,0.35,13.32,4.99,40.79
2020-03-21,19.91,13.0,7.24,0.32,13.32,4.98,40.79
2020-03-22,19.88,12.99,7.23,0.31,13.3,4.98,40.79
2020-03-23,19.86,12.99,7.23,0.3,13.3,4.97,40.78
2020-03-24,19.84,12.99,7.23,0.3,13.28,4.97,40.79
2020-03-25,19.82,12.99,7.23,0.3,13.27,4.96,40.8
2020-03-26,19.82,12.97,7.22,0.3,13.27,4.96,40.79
2020-03-27,19.82,12.96,7.23,0.28,13.26,4.93,40.79
2020-03-28,19.8,12.96,7.23,0.28,13.24,4.91,40.8
2020-03-29,19.78,12.97,7.22,0.27,13.23,4.9,40.81
2020-03-30,19.75,12.96,7.22,0.27,13.23,4.9,40.82
2020-03-31,19.74,12.97,7.22,0.28,13.19,4.9,40.81
2020-04-01,19.72,12.99,7.24,0.29,13.22,4.95,40.82
2020-04-02,19.76,13.01,7.23,0.24,13.16,4.96,40.82
2020-04-03,19.73,13.0,7.23,0.23,13.13,4.94,40.81
2020-04-04,19.69,12.99,7.23,0.23,13.12,4.92,40.81
2020-04-05,19.68,12.99,7.23,0.26,13.11,4.89,40.81
2020-04-06,19.7,13.02,7.24,0.31,13.11,4.9,40.79
2020-04-07,19.69,13.0,7.23,0.26,13.1,4.9,40.79
2020-04-08,19.67,12.98,7.22,0.24,13.09,4.89,40.79
2020-04-09,19.67,12.98,7.22,0.23,13.08,4.89,40.79
2020-04-10,19.67,12.99,7.23,0.25,13.09,4.85,40.77
2020-04-11,19.67,12.98,7.23,0.23,13.06,4.77,40.76
2020-04-12,19.65,12.96,7.22,0.22,13.01,4.77,40.77
2020-04-13,19.62,12.94,7.22,0.2,12.99,4.76,40.76
2020-04-14,19.59,12.93,7.21,0.18,13.01,4.76,40.77
2020-04-15,19.58,12.93,7.23,0.51,13.01,4.78,40.78
2020-04-16,19.58,12.96,7.23,0.57,13.02,4.87,40.75
2020-04-17,19.62,12.98,7.22,0.47,13.0,4.87,40.72
2020-04-18,20.04,13.25,7.32,0.68,13.05,5.34,41.0
2020-04-19,20.24,13.26,7.28,0.72,13.07,5.52,40.84
2020-04-20,20.27,13.39,7.33,0.85,13.12,5.32,41.02
2020-04-21,20.3,13.48,7.37,0.92,13.18,5.22,40.9
2020-04-22,20.19,13.29,7.28,0.8,13.16,5.11,40.78
2020-04-23,20.09,13.17,7.25,0.73,13.09,5.02,40.74
2020-04-24,20.63,13.78,7.54,1.32,13.22,6.08,41.61
2020-04-25,20.84,13.86,7.56,1.59,13.33,5.82,41.12
2020-04-26,20.62,13.6,7.4,1.12,13.36,5.44,40.93
2020-04-27,20.43,13.45,7.33,0.94,13.35,5.29,40.85
2020-04-28,20.28,13.34,7.28,0.86,13.35,5.18,40.82
2020-04-29,20.18,13.28,7.26,0.79,13.28,5.11,40.81
2020-04-30,21.1,13.99,7.79,1.55,13.4,6.28,41.71
2020-05-01,20.95,13.83,7.57,1.35,13.43,5.71,41.08
2020-05-02,20.67,13.65,7.41,1.04,13.41,5.41,40.94
2020-05-03,20.45,13.55,7.36,0.91,13.4,5.29,40.9
2020-05-04,20.3,13.47,7.33,0.84,13.4,5.2,40.89
2020-05-05,20.18,13.41,7.3,0.8,13.39,5.12,40.89
2020-05-06,20.1,13.36,7.28,0.76,13.39,5.07,40.89
2020-05-07,20.02,13.3,7.26,0.72,13.38,5.03,40.89
2020-05-08,19.95,13.25,7.26,0.69,13.31,5.0,40.88
2020-05-09,19.91,13.21,7.25,0.66,13.32,4.97,40.89
2020-05-10,19.88,13.21,7.26,0.65,13.3,4.96,41.12
2020-05-11,19.9,13.29,7.27,0.65,13.31,4.98,41.17
2020-05-12,19.86,13.18,7.25,0.65,13.28,4.95,40.96
2020-05-13,19.82,13.11,7.25,0.64,13.25,4.93,40.93
2020-05-14,19.78,13.09,7.24,0.61,13.22,4.92,40.9
2020-05-15,19.79,13.08,7.24,0.59,13.21,4.91,40.9
2020-05-16,19.78,13.06,7.24,0.57,13.2,4.88,40.91
2020-05-17,19.75,13.06,7.25,0.55,13.19,4.87,40.92
2020-05-18,19.8,13.13,7.27,0.58,13.18,5.03,41.03
2020-05-19,19.85,13.14,7.27,0.58,13.22,5.18,40.96
2020-05-20,19.81,13.07,7.26,0.56,13.21,5.08,40.92
2020-05-21,19.78,13.05,7.23,0.54,13.19,5.01,40.91
2020-05-22,19.86,13.06,7.25,0.55,13.16,4.96,40.92
2020-05-23,20.14,13.13,7.27,0.59,13.16,4.96,40.92
2020-05-24,20.07,13.09,7.24,0.55,13.26,4.92,40.91
2020-05-25,20.02,13.07,7.24,0.53,13.27,4.9,40.92
2020-05-26,19.99,13.06,7.23,0.51,13.27,4.89,40.92
2020-05-27,20.05,13.08,7.25,0.53,13.26,4.88,40.94
2020-05-28,20.26,13.14,7.3,0.61,13.25,4.87,40.92
2020-05-29,20.7,13.29,7.4,0.7,13.24,4.93,40.93
2020-05-30,20.9,13.49,7.39,0.74,13.25,5.24,40.88
2020-05-31,20.67,13.28,7.3,0.77,13.23,5.12,40.85
2020-06-01,20.5,13.17,7.27,0.74,13.21,5.01,40.86
2020-06-02,20.37,13.12,7.25,0.71,13.18,4.97,40.86
2020-06-03,20.33,13.15,7.25,0.7,13.17,4.95,40.87
2020-06-04,20.63,13.4,7.44,0.9,13.17,5.26,41.09
2020-06-05,20.84,13.58,7.5,0.99,13.16,5.43,41.0
2020-06-06,22.13,14.96,8.27,2.37,13.19,7.8,42.81
2020-06-07,22.96,15.58,8.27,3.77,13.11,8.24,42.2
2020-06-08,22.41,15.12,7.77,2.72,13.21,6.12,41.18
2020-06-09,22.0,14.65,7.58,2.35,13.21,5.72,41.01
2020-06-10,21.61,14.17,7.49,1.91,13.16,5.56,40.97
2020-06-11,21.3,13.87,7.43,1.73,13.17,5.46,40.95
2020-06-12,21.12,13.7,7.43,1.53,13.18,5.4,41.23
2020-06-13,21.04,13.57,7.43,1.38,13.19,5.59,41.86
2020-06-14,20.91,13.5,7.43,1.27,13.23,6.18,41.21
2020-06-15,21.03,13.44,7.43,1.18,13.19,5.65,41.07
2020-06-16,20.86,13.38,7.38,1.08,13.16,5.48,41.03
2020-06-17,20.73,13.35,7.39,1.02,13.13,5.4,41.01
2020-06-18,20.62,13.29,7.36,0.93,13.15,5.33,41.01
2020-06-19,20.55,13.24,7.35,0.88,13.14,5.27,41.0
2020-06-20,20.47,13.21,7.35,0.84,13.15,5.22,41.0
2020-06-21,20.39,13.18,7.32,0.8,13.15,5.17,40.99
2020-06-22,20.29,13.13,7.3,0.77,13.15,5.09,40.99
2020-06-23,20.21,13.09,7.28,0.74,13.13,5.06,40.98
2020-06-24,20.15,13.06,7.28,0.72,13.12,5.04,40.97
2020-06-25,20.08,13.15,7.28,0.71,13.11,5.01,40.95
2020-06-26,20.03,13.55,7.37,1.02,13.07,4.99,40.97
2020-06-27,19.99,13.43,7.3,0.95,13.07,5.0,40.99
2020-06-28,19.93,13.32,7.28,0.85,13.06,4.97,40.97
2020-06-29,19.88,13.22,7.26,0.8,13.05,4.95,40.97
2020-06-30,19.84,13.14,7.27,0.76,13.03,4.93,40.96
2020-07-01,19.81,13.09,7.26,0.73,13.01,4.9,40.95
2020-07-02,19.87,13.07,7.27,0.7,12.98,4.89,40.94
2020-07-03,20.16,13.09,7.27,0.75,12.96,4.92,40.94
2020-07-04,20.09,13.04,7.27,0.66,12.92,4.96,40.97
2020-07-05,20.03,13.02,7.3,0.76,12.92,4.98,40.92
2020-07-06,20.16,13.12,7.52,1.38,12.94,4.95,40.91
2020-07-07,20.09,13.19,7.39,1.95,12.98,4.95,40.88
2020-07-08,20.05,13.38,7.35,1.16,12.98,4.93,40.85
2020-07-09,19.98,13.24,7.29,0.92,12.98,4.89,40.85
2020-07-10,20.07,13.57,7.55,0.87,12.96,4.88,40.87
2020-07-11,20.1,13.6,7.53,0.86,12.94,4.88,40.84
2020-07-12,20.02,13.45,7.41,0.8,12.97,4.91,40.79
2020-07-13,19.97,13.33,7.35,0.75,12.95,4.87,40.76
2020-07-14,19.93,13.36,7.39,0.8,12.97,4.95,40.75
2020-07-15,19.9,13.68,7.48,1.31,13.0,4.99,40.97
2020-07-16,19.97,14.23,7.73,2.21,13.05,5.34,40.91
2020-07-17,19.96,14.05,7.51,1.43,13.14,6.55,40.93
2020-07-18,20.06,13.89,7.43,1.19,13.16,5.77,40.79
2020-07-19,20.18,13.75,7.39,0.97,13.16,5.83,40.89
2020-07-20,20.09,13.64,7.35,0.91,13.16,5.57,40.92
2020-07-21,20.05,13.69,7.4,0.95,13.14,5.4,40.9
2020-07-22,20.07,13.6,7.4,0.89,13.15,5.35,40.91
2020-07-23,20.1,13.64,7.42,0.86,13.17,5.4,41.5
2020-07-24,20.13,13.66,7.43,0.85,13.18,5.46,41.26
2020-07-25,20.24,13.75,7.54,0.86,13.18,5.44,41.05
2020-07-26,20.18,13.77,7.82,0.94,13.16,5.34,40.95
2020-07-27,20.41,14.59,8.51,1.15,13.21,5.36,40.87
2020-07-28,21.17,16.87,9.34,2.92,13.22,5.78,41.12
2020-07-29,20.83,14.96,8.23,2.1,13.18,5.59,40.91
2020-07-30,20.66,14.64,7.87,2.02,13.18,5.4,40.85
2020-07-31,20.54,14.39,7.63,1.5,13.17,5.31,40.82
2020-08-01,20.43,14.19,7.52,1.23,13.16,5.24,40.8
2020-08-02,20.33,14.0,7.44,1.07,13.18,5.19,40.79
2020-08-03,20.24,13.83,7.4,0.99,13.18,5.18,40.77
2020-08-04,20.17,13.68,7.38,0.93,13.19,5.13,40.77
2020-08-05,20.11,13.58,7.36,0.89,13.18,5.1,40.76
2020-08-06,20.06,13.51,7.34,0.88,13.19,5.1,40.76
2020-08-07,20.03,13.44,7.33,0.88,13.21,5.08,40.75
2020-08-08,19.98,13.37,7.32,0.86,13.2,5.06,40.75
2020-08-09,20.36,13.35,7.35,1.01,13.2,5.01,41.25
2020-08-10,20.5,13.37,7.35,1.06,13.2,4.98,40.98
2020-08-11,20.42,13.48,7.32,1.01,13.2,4.98,40.98
2020-08-12,20.37,13.49,7.31,0.99,13.18,4.96,40.99
2020-08-13,20.29,13.57,7.3,1.0,13.16,4.95,40.98
2020-08-14,20.22,13.36,7.29,0.99,13.15,5.5,40.98
2020-08-15,20.15,13.26,7.28,0.95,13.17,5.73,40.97
2020-08-16,20.1,13.25,7.28,0.94,13.17,5.4,40.97
2020-08-17,20.07,13.2,7.29,0.93,13.18,5.27,40.97
2020-08-18,20.53,13.42,7.36,1.01,13.18,5.23,40.98
2020-08-19,20.81,13.6,7.4,1.22,13.19,5.25,41.0
2020-08-20,20.85,13.71,7.51,1.38,13.22,5.41,41.07
2020-08-21,21.92,14.75,8.52,3.23,13.22,6.41,41.27
2020-08-22,22.11,14.91,8.08,3.03,13.22,5.64,40.99
2020-08-23,21.69,14.59,7.77,2.12,13.22,5.47,40.91
2020-08-24,21.36,14.27,7.58,1.57,13.22,5.51,40.99
2020-08-25,21.24,14.04,7.52,1.35,13.22,5.55,40.99
2020-08-26,21.03,13.82,7.44,1.2,13.23,5.37,40.93
2020-08-27,20.92,13.66,7.4,1.15,13.26,5.29,40.9
2020-08-28,20.82,13.55,7.38,1.09,13.24,5.22,40.91
2020-08-29,20.71,13.46,7.36,1.02,13.24,5.26,41.0
2020-08-30,21.16,13.9,7.9,2.32,13.29,7.37,42.09
2020-08-31,22.48,15.49,8.46,3.68,13.26,7.98,41.87
2020-09-01,23.11,15.5,8.11,3.22,13.22,6.66,41.23
2020-09-02,22.83,14.9,7.74,2.56,13.24,5.91,41.05
2020-09-03,23.25,15.77,8.29,2.76,13.22,5.69,40.98
2020-09-04,23.07,14.79,7.75,2.16,13.19,5.56,40.95
2020-09-05,22.71,14.38,7.64,1.74,13.2,5.46,40.94
2020-09-06,22.32,14.22,7.65,1.66,13.22,5.48,40.96
2020-09-07,22.75,14.6,7.82,1.72,13.22,5.83,41.01
2020-09-08,23.23,15.28,8.1,1.89,13.22,5.71,40.99
2020-09-09,24.02,16.69,8.72,3.23,13.21,5.89,41.06
2020-09-10,23.68,15.29,7.91,2.65,13.25,6.42,41.49
2020-09-11,23.16,14.7,7.64,1.98,13.19,6.87,41.53
2020-09-12,22.76,14.48,7.67,2.05,13.11,6.18,41.27
2020-09-13,22.47,14.45,7.72,2.43,13.14,6.24,41.34
2020-09-14,22.28,14.26,7.64,1.99,13.19,6.05,41.26
2020-09-15,22.47,14.18,7.72,1.73,13.19,5.81,41.14
2020-09-16,22.18,14.01,7.62,1.68,13.19,5.77,41.23
2020-09-17,21.88,13.91,7.64,1.63,13.22,5.76,41.3
2020-09-18,21.68,13.83,7.58,1.62,13.26,6.02,41.22
2020-09-19,21.43,13.72,7.48,1.38,13.24,5.72,41.11
2020-09-20,21.2,13.62,7.42,1.2,13.22,5.57,41.08
2020-09-21,21.02,13.53,7.38,1.08,13.26,5.46,41.06
2020-09-22,20.83,13.46,7.35,1.11,13.29,5.37,41.04
2020-09-23,20.73,13.4,7.34,1.0,13.3,5.35,41.04
2020-09-24,20.6,13.34,7.32,0.96,13.3,5.35,41.03
2020-09-25,20.57,13.31,7.33,0.93,13.33,5.27,41.02
2020-09-26,20.5,13.28,7.33,0.9,13.33,5.23,41.02
2020-09-27,20.45,13.26,7.34,0.9,13.31,5.21,41.0
2020-09-28,20.49,13.25,7.37,0.89,13.33,5.38,40.97
2020-09-29,20.49,13.28,7.36,0.88,13.35,5.57,41.08
2020-09-30,20.52,13.35,7.34,0.89,13.36,5.69,41.1
2020-10-01,20.4,13.26,7.31,0.89,13.35,5.44,41.0
2020-10-02,20.33,13.21,7.32,0.86,13.35,5.3,40.96
2020-10-03,20.27,13.19,7.31,0.84,13.35,5.23,40.95
2020-10-04,20.37,13.27,7.34,0.88,13.37,5.32,41.05
2020-10-05,20.4,13.27,7.37,0.89,13.34,5.35,41.03
2020-10-06,20.37,13.24,7.34,0.89,13.34,5.29,41.0
2020-10-07,20.38,13.21,7.32,0.86,13.36,5.24,41.01
2020-10-08,20.4,13.17,7.3,0.84,13.37,5.21,41.0
2020-10-09,20.33,13.13,7.29,0.84,13.37,5.19,40.98
2020-10-10,20.25,13.11,7.28,0.8,13.37,5.17,40.97
2020-10-11,20.18,13.11,7.29,0.82,13.39,5.45,41.14
2020-10-12,20.18,13.09,7.29,0.81,13.39,5.5,41.07
2020-10-13,20.18,13.07,7.27,0.78,13.39,5.41,41.01
2020-10-14,20.04,13.06,7.26,0.79,13.39,5.31,40.99
2020-10-15,20.02,13.06,7.26,0.76,13.39,5.23,40.96
2020-10-16,20.03,13.06,7.26,0.83,13.39,5.19,40.95
2020-10-17,20.0,13.06,7.25,0.72,13.38,5.15,40.93
2020-10-18,19.94,13.04,7.25,0.69,13.37,5.12,40.93
2020-10-19,20.01,13.1,7.3,0.76,13.37,5.1,40.94
2020-10-20,20.18,13.28,7.39,0.89,13.4,5.12,40.94
2020-10-21,20.14,13.3,7.41,0.94,13.4,5.19,40.92
2020-10-22,20.15,13.25,7.39,0.92,13.4,5.16,40.91
2020-10-23,20.2,13.25,7.39,0.89,13.4,5.14,40.9
2020-10-24,20.16,13.16,7.37,0.85,13.38,5.11,40.9
2020-10-25,20.1,13.12,7.34,0.82,13.39,5.11,40.9
2020-10-26,20.03,13.08,7.31,0.79,13.38,5.08,40.9
2020-10-27,20.04,13.06,7.3,0.77,13.38,5.05,40.89
2020-10-28,20.04,13.06,7.28,0.75,13.38,5.04,40.98
2020-10-29,19.99,13.03,7.27,0.74,13.37,5.04,41.03
2020-10-30,19.98,13.04,7.28,0.74,13.41,5.04,40.96
2020-10-31,19.91,13.02,7.27,0.73,13.38,5.02,40.92
2020-11-01,19.89,13.01,7.26,0.71,13.37,5.01,40.89
2020-11-02,19.85,13.0,7.26,0.69,13.38,4.99,40.87
2020-11-03,19.83,12.99,7.26,0.68,13.34,4.97,40.86
2020-11-04,19.8,12.98,7.26,0.66,13.32,4.96,40.85
2020-11-05,19.77,12.98,7.26,0.64,13.3,4.95,40.84
2020-11-06,19.76,12.97,7.26,0.63,13.3,4.95,40.83
2020-11-07,19.75,12.97,7.26,0.62,13.29,4.94,40.82
2020-11-08,19.76,12.97,7.26,0.61,13.3,4.94,40.81
2020-11-09,19.86,12.99,7.29,0.74,13.31,5.04,40.83
2020-11-10,19.97,13.07,7.34,0.89,13.31,5.28,40.89
2020-11-11,20.94,14.5,7.99,2.42,13.41,6.73,42.38
2020-11-12,24.54,18.89,10.56,7.57,13.62,10.71,43.45
2020-11-13,24.35,17.55,8.79,5.51,13.45,6.97,41.59
2020-11-14,23.62,16.1,8.07,3.95,13.43,6.31,41.19
2020-11-15,22.83,15.09,7.7,2.79,13.46,6.04,41.05
2020-11-16,22.02,14.45,7.53,2.12,13.46,5.89,40.98
2020-11-17,22.02,14.01,7.44,1.71,13.45,5.74,40.94
2020-11-18,21.12,13.71,7.38,1.48,13.44,5.63,40.91
2020-11-19,20.87,13.52,7.35,1.31,13.42,5.57,40.89
2020-11-20,20.76,13.41,7.34,1.2,13.41,5.49,40.88
2020-11-21,20.68,13.33,7.33,1.12,13.4,5.44,40.87
2020-11-22,20.57,13.28,7.33,1.06,13.39,5.39,40.86
2020-11-23,20.48,13.23,7.33,1.0,13.4,5.36,40.86
2020-11-24,20.36,13.17,7.31,0.93,13.39,5.32,40.85
2020-11-25,20.28,13.13,7.3,0.89,13.38,5.29,40.85
2020-11-26,20.28,13.1,7.3,0.85,13.39,5.26,40.84
2020-11-27,20.19,13.08,7.29,0.82,13.4,5.25,40.84
2020-11-28,20.13,13.06,7.29,0.79,13.4,5.23,40.84
2020-11-29,20.07,13.04,7.29,0.77,13.4,5.21,40.84
2020-11-30,20.07,13.59,7.49,1.02,13.45,5.39,41.11
2020-12-01,20.07,13.55,7.44,1.09,13.46,5.41,40.96
2020-12-02,20.07,13.31,7.37,0.9,13.42,5.3,40.89
2020-12-03,20.07,13.18,7.34,0.82,13.41,5.25,40.86
2020-12-04,20.07,13.12,7.33,0.79,13.42,5.23,40.85
2020-12-05,20.07,13.08,7.32,0.76,13.45,5.22,40.85
2020-12-06,20.07,13.05,7.31,0.74,13.45,5.21,40.85
2020-12-07,20.07,13.23,7.39,0.87,13.52,5.51,41.02
2020-12-08,20.18,13.18,7.37,0.91,13.52,5.44,40.92
2020-12-09,20.18,13.1,7.35,0.79,13.52,5.33,40.88
2020-12-10,20.18,13.06,7.34,0.74,13.52,5.45,40.87
2020-12-11,20.02,13.03,7.31,0.72,13.53,5.35,40.86
2020-12-12,20.02,13.01,7.3,0.71,13.54,5.26,40.85
2020-12-13,19.99,13.0,7.29,0.7,13.55,5.23,40.86
2020-12-14,19.99,12.99,7.3,0.69,13.54,5.2,40.88
2020-12-15,20.02,12.99,7.3,0.69,13.52,5.19,40.88
2020-12-16,20.02,13.01,7.31,0.71,13.47,5.24,41.21
2020-12-17,20.02,13.11,7.35,0.8,13.5,5.49,41.27
2020-12-18,20.02,13.04,7.31,0.72,13.47,5.37,41.02
2020-12-19,20.02,12.99,7.29,0.68,13.46,5.27,40.95
2020-12-20,20.02,13.69,7.56,1.0,13.47,5.28,41.13
2020-12-21,22.69,15.84,8.18,2.59,13.52,5.55,41.3
2020-12-22,21.96,14.73,7.64,1.74,13.44,5.43,41.06
2020-12-23,21.41,14.16,7.49,1.37,13.43,5.32,40.99
2020-12-24,21.09,13.84,7.44,1.2,13.44,5.29,41.0
2020-12-25,21.09,13.98,7.53,1.27,13.57,5.72,41.18
2020-12-26,21.09,13.72,7.43,1.13,13.54,5.52,41.02
2020-12-27,21.09,13.55,7.39,1.04,13.53,5.4,40.97
2020-12-28,20.57,13.44,7.37,0.97,13.55,5.32,40.94
2020-12-29,20.48,13.38,7.35,0.91,13.55,5.28,40.93
2020-12-30,20.4,13.31,7.33,0.87,13.52,5.24,40.93
2020-12-31,20.4,13.25,7.33,0.83,13.48,5.21,40.93
2021-01-01,20.4,13.19,7.33,0.8,13.46,5.17,40.94
2021-01-02,20.4,13.16,7.32,0.77,13.44,5.15,40.95
2021-01-03,20.4,13.14,7.32,0.76,13.45,5.17,40.97
2021-01-04,20.4,13.12,7.31,0.76,13.43,5.17,40.96
2021-01-05,20.4,13.08,7.31,0.74,13.43,5.15,40.94
2021-01-06,20.4,13.06,7.3,0.72,13.43,5.13,40.93
2021-01-07,20.09,13.05,7.29,0.71,13.41,5.11,40.93
2021-01-08,20.09,13.04,7.29,0.71,13.45,5.1,40.94
2021-01-09,20.09,13.02,7.28,0.69,13.46,5.1,40.93
2021-01-10,20.09,13.0,7.28,0.67,13.43,5.09,40.93
2021-01-11,20.09,12.99,7.28,0.67,13.41,5.08,40.92
2021-01-12,20.09,12.98,7.29,0.66,13.44,5.08,40.91
2021-01-13,20.09,12.98,7.29,0.65,13.44,5.07,40.91
2021-01-14,20.09,12.97,7.29,0.65,13.44,5.07,40.82
2021-01-15,20.09,12.97,7.28,0.65,13.43,5.08,40.84
2021-01-16,20.09,12.96,7.28,0.65,13.47,5.18,40.86
2021-01-17,20.09,12.95,7.28,0.64,13.46,5.14,40.8
2021-01-18,20.09,12.95,7.28,0.63,13.46,5.12,40.78
2021-01-19,20.09,12.93,7.27,0.62,13.46,5.1,40.76
2021-01-20,20.09,12.92,7.27,0.61,13.46,5.08,40.76
2021-01-21,20.09,12.92,7.26,0.6,13.46,5.05,40.76
2021-01-22,20.09,12.92,7.27,0.61,13.46,5.04,40.75
2021-01-23,19.78,12.92,7.26,0.69,13.47,5.04,40.75
2021-01-24,19.78,12.92,7.26,0.68,13.48,5.03,40.74
2021-01-25,19.77,12.92,7.26,0.66,13.47,5.02,40.78
2021-01-26,19.77,12.91,7.26,0.59,13.48,5.01,40.8
2021-01-27,19.78,12.91,7.27,0.59,13.48,5.01,40.79
2021-01-28,19.81,12.92,7.28,0.62,13.56,5.03,40.83
2021-01-29,19.79,12.92,7.27,0.6,13.51,5.03,40.79
2021-01-30,19.77,12.91,7.26,0.58,13.49,5.0,40.78
2021-01-31,19.74,12.9,7.26,0.57,13.46,4.98,40.77
2021-02-01,20.45,13.78,7.51,0.87,13.55,5.4,41.54
2021-02-02,20.32,13.44,7.4,0.85,13.55,5.35,41.22
2021-02-03,20.16,13.25,7.35,0.75,13.5,5.24,41.09
2021-02-04,20.06,13.13,7.32,0.7,13.47,5.18,41.03
2021-02-05,20.01,13.07,7.3,0.68,13.45,5.13,41.0
2021-02-06,20.0,13.05,7.3,0.66,13.47,5.1,40.97
2021-02-07,20.15,13.27,7.42,0.82,13.55,6.34,41.34
2021-02-08,20.2,13.27,7.39,0.82,13.57,5.87,41.15
2021-02-09,20.16,13.15,7.35,0.77,13.58,5.54,41.01
2021-02-10,20.12,13.1,7.33,0.77,13.59,5.43,40.97
2021-02-11,20.1,13.04,7.31,0.74,13.6,5.4,40.91
2021-02-12,20.1,13.03,7.31,0.67,13.57,5.37,40.84
2021-02-13,20.15,13.1,7.37,0.72,13.56,5.43,40.91
2021-02-14,20.35,13.35,7.46,0.84,13.49,6.38,41.43
2021-02-15,20.43,13.34,7.42,0.83,13.44,5.8,41.03
2021-02-16,20.49,13.4,7.41,0.81,13.53,5.79,41.01
2021-02-17,20.47,13.26,7.36,0.77,13.48,5.58,40.92
2021-02-18,20.44,13.17,7.34,0.73,13.41,5.49,40.89
2021-02-19,20.41,13.11,7.33,0.72,13.47,5.44,40.91
2021-02-20,20.39,13.08,7.32,0.7,13.5,5.44,40.91
2021-02-21,20.32,13.04,7.29,0.68,13.48,5.39,40.87
2021-02-22,20.24,13.04,7.28,0.66,13.48,5.33,40.86
2021-02-23,20.19,13.04,7.27,0.64,13.52,5.31,40.86
2021-02-24,20.14,13.04,7.27,0.63,13.52,5.29,40.85
2021-02-25,20.1,13.04,7.3,0.61,13.51,5.27,40.84
2021-02-26,20.08,13.04,7.28,0.6,13.47,5.25,40.83
2021-02-27,20.06,13.04,7.27,0.59,13.48,5.22,40.82
2021-02-28,20.03,13.04,7.27,0.58,13.47,5.18,40.82
2021-03-01,20.0,13.04,7.27,0.57,13.48,5.17,40.81
2021-03-02,19.98,13.04,7.27,0.57,13.49,5.17,40.81
2021-03-03,19.97,13.04,7.27,0.58,13.52,5.16,40.84
2021-03-04,19.96,13.04,7.27,0.58,13.51,5.14,40.81
2021-03-05,19.95,13.04,7.27,0.58,13.44,5.12,40.81
2021-03-06,19.98,13.04,7.28,0.74,13.44,5.11,40.82
2021-03-07,19.98,13.04,7.28,0.67,13.45,5.14,40.81
2021-03-08,19.94,13.04,7.27,0.65,13.42,5.14,40.8
2021-03-09,19.9,13.04,7.27,0.63,13.4,5.11,40.8
2021-03-10,19.86,13.04,7.27,0.63,13.39,5.09,40.8
2021-03-11,19.83,13.04,7.27,0.72,13.39,5.07,40.79
2021-03-12,19.83,12.81,7.3,0.71,13.38,5.06,40.79
2021-03-13,19.85,12.79,7.29,0.6,13.38,5.04,40.79
2021-03-14,19.84,12.79,7.25,0.57,13.37,5.02,40.78
2021-03-15,19.82,12.78,7.25,0.56,13.37,5.0,40.78
2021-03-16,19.81,12.78,7.26,0.56,13.35,5.0,40.79
2021-03-17,19.8,12.83,7.27,0.59,13.33,5.0,40.79
2021-03-18,19.79,12.82,7.27,0.55,13.32,5.01,40.91
2021-03-19,19.82,12.78,7.27,0.54,13.36,5.08,40.98
2021-03-20,19.83,12.78,7.27,0.53,13.33,5.05,40.85
2021-03-21,19.82,12.77,7.27,0.52,13.32,5.03,40.8
2021-03-22,19.82,12.78,7.28,0.53,13.3,5.01,40.79
2021-03-23,19.81,12.78,7.27,0.55,13.29,5.0,40.77
2021-03-24,19.79,12.77,7.27,0.52,13.28,5.0,40.76
2021-03-25,19.78,12.77,7.27,0.5,13.26,4.98,40.75
2021-03-26,19.78,12.76,7.27,0.5,13.27,4.97,40.75
2021-03-27,19.78,12.75,7.27,0.47,13.27,4.97,40.75
2021-03-28,19.77,12.76,7.28,0.46,13.26,4.95,40.74
2021-03-29,19.78,12.77,7.29,0.5,13.27,4.96,40.76
2021-03-30,20.18,12.79,7.33,0.71,13.27,5.06,40.77
2021-03-31,20.15,12.78,7.29,0.62,13.28,5.06,40.74
2021-04-01,20.27,12.86,7.32,0.59,13.35,5.06,40.77
2021-04-02,20.34,12.84,7.27,0.59,13.3,5.06,40.75
2021-04-03,20.27,12.8,7.24,0.52,13.26,5.06,40.73
2021-04-04,20.2,12.78,7.24,0.49,13.25,5.06,40.72
2021-04-05,20.13,12.79,7.24,0.51,13.23,5.06,40.7
2021-04-06,20.08,12.77,7.24,0.48,13.22,5.06,40.69
2021-04-07,20.03,12.77,7.23,0.48,13.21,5.06,40.69
2021-04-08,19.99,12.77,7.23,0.58,13.2,5.06,40.69
2021-04-09,19.96,12.76,7.23,0.64,13.18,5.06,40.69
2021-04-10,19.98,12.78,7.24,0.55,13.17,5.06,40.79
2021-04-11,20.7,13.4,7.53,0.55,13.32,5.06,41.49
2021-04-12,21.24,13.68,7.53,0.55,13.41,5.59,41.13
2021-04-13,21.01,13.28,7.36,0.55,13.37,5.59,40.92
2021-04-14,20.85,13.09,7.29,0.55,13.35,5.59,40.84
2021-04-15,20.72,12.99,7.24,0.55,13.35,5.59,40.8
2021-04-16,20.64,12.95,7.23,0.79,13.35,5.59,40.78
2021-04-17,20.58,12.92,7.22,0.75,13.32,5.59,40.78
2021-04-18,20.52,12.9,7.24,0.74,13.29,5.59,40.8
2021-04-19,20.69,13.07,7.29,0.87,13.3,5.59,40.93
2021-04-20,20.73,13.12,7.35,0.93,13.36,5.59,40.87
2021-04-21,20.72,13.08,7.36,0.95,13.39,5.59,40.83
2021-04-22,20.65,12.98,7.29,0.85,13.38,5.59,40.8
2021-04-23,20.57,12.92,7.24,0.78,13.35,5.59,40.79
2021-04-24,20.51,12.9,7.22,0.74,13.31,5.59,40.79
2021-04-25,20.45,12.87,7.21,0.71,13.36,5.59,40.79
2021-04-26,20.38,12.85,7.2,0.69,13.35,5.59,40.8
2021-04-27,20.31,12.83,7.2,0.68,13.34,5.59,40.79
2021-04-28,20.24,12.8,7.22,0.74,13.32,5.59,40.8
2021-04-29,20.19,12.79,7.2,0.66,13.31,5.59,40.78
2021-04-30,20.14,12.78,7.2,0.72,13.31,5.59,40.77
2021-05-01,20.09,12.77,7.2,0.6,13.3,5.59,40.78
2021-05-02,20.05,12.76,7.19,0.58,13.28,5.59,40.79
2021-05-03,20.01,12.76,7.2,0.56,13.25,5.59,40.81
2021-05-04,19.97,12.76,7.21,0.53,13.24,5.59,40.8
2021-05-05,19.96,12.76,7.23,0.52,13.24,5.59,40.81
2021-05-06,19.93,12.77,7.24,0.62,13.24,5.59,40.79
2021-05-07,19.9,12.76,7.22,0.52,13.23,5.59,40.78
2021-05-08,19.87,12.75,7.24,0.41,13.18,5.59,40.78
2021-05-09,19.85,12.74,7.24,0.37,13.12,5.59,40.78
2021-05-10,19.84,12.74,7.24,0.34,13.12,5.59,40.76
2021-05-11,19.82,12.73,7.25,0.34,13.11,5.59,40.75
2021-05-12,19.8,12.73,7.25,0.33,13.1,4.8,40.75
2021-05-13,19.78,12.74,7.25,0.36,13.09,4.8,40.76
2021-05-14,19.77,12.74,7.25,0.33,13.08,4.8,40.76
2021-05-15,19.74,12.72,7.24,0.29,13.04,4.78,40.77
2021-05-16,19.71,12.71,7.24,0.26,13.01,4.76,40.77
2021-05-17,19.69,12.72,7.25,0.25,12.98,4.74,40.78
2021-05-18,19.66,12.71,7.25,0.25,12.95,4.73,40.77
2021-05-19,19.64,12.7,7.25,0.24,12.92,4.72,40.76
2021-05-20,19.63,12.71,7.24,0.23,12.91,4.69,40.74
2021-05-21,19.6,12.7,7.23,0.21,12.89,4.66,40.73
2021-05-22,19.58,12.7,7.23,0.2,12.87,4.66,40.73
2021-05-23,19.56,12.7,7.23,0.2,12.86,4.65,40.72
2021-05-24,19.55,12.7,7.24,0.22,12.84,4.66,40.71
2021-05-25,19.54,12.7,7.24,0.21,12.81,4.64,40.71
2021-05-26,19.52,12.69,7.25,0.2,12.8,4.64,40.69
2021-05-27,19.51,12.69,7.25,0.19,12.79,4.64,40.69
2021-05-28,19.49,12.69,7.25,0.28,12.78,4.62,40.68
2021-05-29,19.48,12.69,7.25,0.29,12.76,4.62,40.67
2021-05-30,19.53,12.7,7.26,0.19,12.75,4.63,40.67
2021-05-31,19.65,12.73,7.25,0.19,12.73,4.67,40.66
2021-06-01,19.65,12.7,7.24,0.18,12.72,4.73,40.66
2021-06-02,19.65,12.69,7.25,0.53,12.7,4.76,40.67
2021-06-03,19.82,12.74,7.3,1.17,12.74,4.85,40.67
2021-06-04,19.96,12.84,7.29,0.87,12.79,5.22,40.75
2021-06-05,20.11,12.92,7.23,0.84,12.79,5.74,40.8
2021-06-06,20.12,12.86,7.2,0.72,12.76,5.38,40.72
2021-06-07,20.21,12.84,7.27,0.67,12.79,5.45,40.95
2021-06-08,20.17,12.97,7.27,0.64,12.86,5.34,40.83
2021-06-09,20.39,13.1,7.4,0.62,12.85,5.19,40.86
2021-06-10,20.3,12.85,7.27,0.58,12.84,5.07,40.76
2021-06-11,20.2,12.79,7.23,0.57,12.83,4.99,40.75
2021-06-12,20.09,12.77,7.21,0.57,12.81,4.94,40.74
2021-06-13,20.03,13.34,7.32,0.59,12.78,4.89,40.72
2021-06-14,20.5,13.76,7.58,1.11,12.76,4.85,40.73
2021-06-15,21.39,14.83,8.06,1.58,12.77,4.87,40.79
2021-06-16,21.02,14.27,7.7,1.77,12.77,4.89,40.92
2021-06-17,20.98,14.1,7.69,1.81,12.77,5.04,40.92
2021-06-18,21.01,13.85,7.54,1.57,12.97,5.78,40.88
2021-06-19,20.8,13.54,7.42,1.21,13.0,5.37,40.84
2021-06-20,20.65,13.35,7.36,1.03,13.01,5.22,40.82
2021-06-21,20.54,13.23,7.33,0.92,13.01,5.11,40.87
2021-06-22,20.46,13.14,7.3,0.85,12.97,5.04,40.95
2021-06-23,20.61,13.29,7.39,1.02,13.03,5.13,40.98
2021-06-24,22.18,14.87,8.25,1.02,13.09,5.32,41.11
2021-06-25,22.88,16.28,8.66,4.71,13.14,5.81,41.06
2021-06-26,22.29,15.36,7.91,4.71,13.14,5.45,40.87
2021-06-27,21.78,14.72,7.67,4.71,13.16,5.36,40.84
2021-06-28,21.3,14.08,7.48,4.71,13.1,5.24,41.01
2021-06-29,21.11,13.86,7.52,4.71,13.1,5.87,41.72
2021-06-30,21.7,14.72,7.91,4.71,13.15,7.14,42.0
2021-07-01,22.21,15.01,7.98,4.71,13.1,5.99,41.33
2021-07-02,22.97,15.12,8.27,4.71,13.08,6.27,41.02
2021-07-03,23.58,16.93,9.26,4.71,13.15,6.55,41.38
2021-07-04,24.34,17.57,8.87,4.71,13.17,6.23,41.17
2021-07-05,23.8,15.99,8.06,4.71,13.1,5.68,41.01
2021-07-06,23.48,15.9,7.91,4.71,12.86,5.52,41.06
2021-07-07,24.03,17.88,9.12,4.71,13.27,8.2,42.4
2021-07-08,23.95,16.65,8.58,4.71,13.15,6.48,41.29
2021-07-09,23.41,15.44,7.83,4.71,13.05,5.87,41.07
2021-07-10,22.74,14.86,7.57,4.71,13.08,5.76,41.01
2021-07-11,22.32,15.07,7.65,4.71,13.05,5.7,41.07
2021-07-12,22.1,14.39,7.66,4.71,13.1,5.56,41.08
2021-07-13,22.06,14.21,7.64,4.71,13.08,5.58,41.03
2021-07-14,21.68,14.09,7.48,4.71,13.11,5.46,40.99
2021-07-15,21.47,14.04,7.41,1.51,13.06,5.39,40.96
2021-07-16,21.16,13.85,7.35,1.36,13.06,5.33,40.95
2021-07-17,20.91,13.66,7.32,1.23,13.08,5.41,40.96
2021-07-18,20.67,13.55,7.34,1.58,13.06,5.86,40.99
2021-07-19,20.52,13.72,7.72,1.58,13.07,5.84,40.97
2021-07-20,20.39,13.63,7.46,1.58,13.04,5.65,40.95
2021-07-21,20.29,13.51,7.37,1.58,13.05,5.46,40.9
2021-07-22,20.19,13.42,7.32,1.58,13.09,5.37,40.89
2021-07-23,20.13,13.38,7.3,1.33,13.15,5.3,40.87
2021-07-24,20.21,13.41,7.3,1.2,13.17,5.24,40.87
2021-07-25,20.1,13.35,7.27,1.06,13.18,5.19,40.84
2021-07-26,20.06,13.28,7.25,0.98,13.17,5.15,40.82
2021-07-27,20.23,13.38,7.34,1.0,13.16,5.12,40.82
2021-07-28,20.43,14.05,8.0,1.0,13.25,5.18,40.93
2021-07-29,20.4,14.0,7.76,1.0,13.18,5.43,41.15
2021-07-30,20.32,13.77,7.5,1.0,13.14,5.56,41.0
2021-07-31,20.57,13.89,7.4,1.07,13.13,5.39,40.89
2021-08-01,20.44,13.67,7.34,1.03,13.13,5.3,40.85
2021-08-02,20.36,13.56,7.32,1.03,13.17,5.23,40.85
2021-08-03,20.86,14.44,7.9,1.03,13.18,5.83,41.17
2021-08-04,22.06,15.21,8.1,1.03,13.15,6.55,41.77
2021-08-05,21.92,14.95,7.84,1.03,13.15,6.31,41.28
2021-08-06,21.43,14.44,7.56,1.03,13.16,5.85,41.13
2021-08-07,21.02,14.08,7.45,1.03,13.16,5.64,40.99
2021-08-08,20.76,13.86,7.4,1.03,13.16,5.51,40.94
2021-08-09,20.67,13.67,7.39,1.03,13.18,5.42,40.93
2021-08-10,20.61,13.55,7.37,1.03,13.16,5.53,41.52
2021-08-11,20.45,13.45,7.34,1.03,13.17,6.27,41.82
2021-08-12,20.37,13.44,7.42,1.03,13.17,6.12,41.5
2021-08-13,20.34,13.38,7.38,1.03,13.11,6.42,41.69
2021-08-14,20.72,13.48,7.48,1.03,13.0,6.52,41.57
2021-08-15,21.34,13.66,7.56,1.03,12.93,5.95,41.53
2021-08-16,20.99,13.53,7.43,1.03,12.97,5.99,41.37
2021-08-17,20.77,13.43,7.38,1.05,13.02,5.97,41.25
2021-08-18,20.58,13.33,7.32,0.97,13.08,5.87,41.17
2021-08-19,20.42,13.27,7.29,0.96,13.12,6.64,41.22
2021-08-20,20.34,13.22,7.28,0.93,13.11,5.88,41.15
2021-08-21,20.24,13.19,7.27,0.95,13.14,5.81,41.2
2021-08-22,20.08,13.17,7.26,0.92,13.16,5.74,41.18
2021-08-23,19.98,13.13,7.25,0.87,13.17,5.59,41.15
2021-08-24,19.93,13.11,7.24,0.85,13.16,5.7,41.11
2021-08-25,19.88,13.09,7.24,0.82,13.14,6.05,41.06
2021-08-26,19.95,13.09,7.26,0.79,13.16,5.67,41.02
2021-08-27,20.52,13.18,7.3,0.87,13.18,5.66,41.07
2021-08-28,20.65,13.21,7.3,0.98,13.17,5.74,41.09
2021-08-29,20.48,13.41,7.33,1.02,13.19,5.56,41.05
2021-08-30,20.66,13.82,7.48,1.02,13.21,5.46,41.04
2021-08-31,20.49,13.5,7.36,1.03,13.22,5.41,41.0
2021-09-01,22.32,15.24,8.18,2.33,13.32,6.95,42.44
2021-09-02,23.71,15.34,8.18,2.33,13.29,7.86,42.31
2021-09-03,23.64,15.01,7.79,2.33,13.27,6.25,41.34
2021-09-04,23.5,15.02,7.97,2.33,13.27,5.88,41.16
2021-09-05,24.22,15.49,8.14,2.36,13.25,5.71,41.1
2021-09-06,23.6,14.72,7.62,1.72,13.24,5.6,41.11
2021-09-07,22.86,14.34,7.55,1.49,13.35,5.71,41.36
2021-09-08,22.08,14.04,7.45,1.33,13.29,5.66,41.29
2021-09-09,21.62,13.86,7.43,1.3,13.29,5.56,41.16
2021-09-10,21.89,14.24,7.85,1.92,13.3,5.53,41.09
2021-09-11,21.78,14.12,7.61,1.63,13.3,5.52,41.04
2021-09-12,21.39,13.91,7.47,1.37,13.29,5.44,41.01
2021-09-13,21.09,13.75,7.4,1.21,13.28,5.57,41.05
2021-09-14,21.06,13.82,7.49,1.27,13.3,6.31,41.5
2021-09-15,21.11,13.91,7.55,1.23,13.23,5.92,41.48
2021-09-16,21.26,13.79,7.42,1.14,13.13,6.47,41.74
2021-09-17,21.64,13.8,7.41,1.53,13.17,6.44,41.5
2021-09-18,21.31,13.74,7.37,1.55,13.16,5.94,41.41
2021-09-19,21.46,13.71,7.35,1.36,13.19,6.57,41.55
2021-09-20,21.28,13.6,7.33,1.23,13.24,6.05,41.31
2021-09-21,21.35,14.09,7.77,1.23,13.23,5.79,41.13
2021-09-22,22.07,15.01,8.21,1.23,13.24,5.68,41.08
2021-09-23,21.57,14.5,7.63,1.23,13.25,5.6,41.01
2021-09-24,21.2,14.22,7.47,1.23,13.31,5.51,40.97
2021-09-25,20.93,13.99,7.39,1.23,13.35,5.43,40.93
2021-09-26,20.74,13.87,7.36,1.23,13.35,5.39,40.91
2021-09-27,20.71,14.09,7.49,1.23,13.33,5.35,40.89
2021-09-28,20.59,13.91,7.38,1.23,13.32,5.31,40.88
2021-09-29,20.48,13.75,7.33,1.38,13.34,5.28,40.86
2021-09-30,20.37,13.63,7.29,1.23,13.38,5.25,40.86
2021-10-01,20.3,13.54,7.28,1.12,13.36,5.23,40.85
2021-10-02,20.22,13.46,7.26,1.04,13.36,5.2,40.85
2021-10-03,20.13,13.39,7.25,0.98,13.38,5.18,40.84
2021-10-04,20.06,13.34,7.25,0.93,13.39,5.15,40.84
2021-10-05,20.01,13.29,7.25,0.89,13.38,5.14,40.9
2021-10-06,19.98,13.27,7.24,0.87,13.4,5.17,40.91
2021-10-07,20.05,13.51,7.51,1.28,13.41,5.15,40.89
2021-10-08,20.62,14.96,8.32,3.04,13.42,5.12,40.88
2021-10-09,20.48,14.5,7.64,1.93,13.44,5.1,40.88
2021-10-10,20.35,14.22,7.46,1.47,13.44,5.09,40.86
2021-10-11,20.23,13.99,7.38,1.24,13.44,5.06,40.85
2021-10-12,20.15,13.8,7.34,1.1,13.43,5.06,40.84
2021-10-13,20.07,13.65,7.31,1.01,13.43,5.07,40.84
2021-10-14,20.01,13.53,7.29,0.95,13.43,5.06,40.84
2021-10-15,19.97,13.44,7.27,0.92,13.43,5.05,40.84
2021-10-16,19.93,13.38,7.26,0.89,13.43,5.03,40.84
2021-10-17,19.91,13.36,7.26,0.86,13.42,5.01,40.84
2021-10-18,19.87,13.31,7.24,0.81,13.4,4.98,40.84
2021-10-19,19.83,13.26,7.24,0.81,13.38,4.97,40.84
2021-10-20,19.81,13.24,7.23,0.77,13.37,4.98,40.83
2021-10-21,19.81,13.21,7.23,0.76,13.36,4.97,40.82
2021-10-22,19.81,13.2,7.23,0.75,13.35,4.96,40.81
2021-10-23,19.8,13.19,7.22,0.74,13.35,4.95,40.81
2021-10-24,19.79,13.19,7.23,0.73,13.33,4.94,40.81
2021-10-25,20.1,13.32,7.34,0.82,13.39,5.25,40.97
2021-10-26,20.12,13.3,7.31,0.81,13.43,5.33,40.87
2021-10-27,20.07,13.25,7.27,0.77,13.43,5.21,40.82
2021-10-28,20.07,13.24,7.29,0.79,13.41,5.13,40.82
2021-10-29,20.11,13.25,7.32,0.82,13.46,5.1,40.81
2021-10-30,20.12,13.25,7.32,0.83,13.47,5.14,40.82
2021-10-31,20.07,13.22,7.3,0.8,13.51,5.14,40.81
2021-11-01,20.0,13.19,7.27,0.8,13.51,5.08,40.8
2021-11-02,19.95,13.16,7.28,0.73,13.51,5.03,40.79
2021-11-03,19.93,13.15,7.25,0.72,13.5,5.0,40.79
2021-11-04,19.91,13.14,7.25,0.71,13.46,4.98,40.79
2021-11-05,21.27,14.47,8.18,2.48,13.51,5.47,41.68
2021-11-06,22.22,15.16,8.31,2.48,13.49,5.68,41.35
2021-11-07,21.71,14.69,7.65,2.48,13.48,5.42,41.01
2021-11-08,21.34,14.32,7.47,2.48,13.48,5.29,40.91
2021-11-09,21.1,14.05,7.38,1.5,13.44,5.21,40.87
2021-11-10,20.96,13.84,7.34,1.3,13.45,5.15,40.84
2021-11-11,20.86,13.7,7.32,1.19,13.45,5.12,40.82
2021-11-12,20.83,13.61,7.35,1.15,13.45,5.1,40.81
2021-11-13,20.82,13.55,7.34,1.08,13.43,5.11,40.82
2021-11-14,20.79,13.49,7.3,1.01,13.41,5.16,40.81
2021-11-15,20.71,13.42,7.28,0.94,13.38,5.11,40.79
2021-11-16,20.64,13.37,7.27,0.89,13.38,5.07,40.78
2021-11-17,20.6,13.33,7.25,0.86,13.39,5.05,40.77
2021-11-18,20.57,13.3,7.25,0.84,13.4,5.05,40.77
2021-11-19,20.55,13.29,7.26,0.84,13.41,5.04,40.77
2021-11-20,20.53,13.27,7.25,0.8,13.39,5.02,40.77
2021-11-21,20.51,13.25,7.25,0.79,13.39,5.0,40.77
2021-11-22,20.52,13.28,7.28,0.81,13.42,5.01,40.8
2021-11-23,20.51,13.27,7.26,0.8,13.43,5.02,40.8
2021-11-24,20.46,13.23,7.24,0.75,13.41,4.98,40.78
2021-11-25,20.41,13.21,7.23,0.74,13.41,4.97,40.77
2021-11-26,20.37,13.2,7.23,0.72,13.41,4.96,40.77
2021-11-27,20.33,13.19,7.23,0.71,13.42,4.95,40.77
2021-11-28,20.29,13.16,7.23,0.69,13.42,4.94,40.77
2021-11-29,20.25,13.15,7.23,0.68,13.42,4.94,40.77
2021-11-30,20.21,13.14,7.23,0.66,13.42,4.93,40.77
2021-12-01,20.18,13.13,7.22,0.65,13.42,4.93,40.77
2021-12-02,20.16,13.12,7.22,0.66,13.43,4.93,40.78
2021-12-03,20.14,13.12,7.22,0.65,13.43,4.92,40.78
2021-12-04,20.14,13.12,7.22,0.65,13.43,4.92,40.79
2021-12-05,20.12,13.11,7.22,0.64,13.44,4.91,40.79
2021-12-06,20.1,13.12,7.23,0.64,13.44,4.92,40.8
2021-12-07,20.09,13.12,7.23,0.64,13.45,4.93,40.8
2021-12-08,20.09,13.12,7.23,0.63,13.44,4.93,40.81
2021-12-09,20.15,13.12,7.23,0.63,13.44,4.93,40.82
2021-12-10,20.2,13.11,7.23,0.62,13.42,4.92,40.81
2021-12-11,20.23,13.1,7.24,0.63,13.42,4.93,40.82
2021-12-12,20.22,13.09,7.24,0.63,13.44,4.93,40.82
2021-12-13,20.21,13.08,7.24,0.63,13.45,4.93,40.82
2021-12-14,20.19,13.08,7.23,0.63,13.44,4.93,40.82
2021-12-15,20.19,13.08,7.23,0.62,13.44,4.93,40.82
2021-12-16,20.17,13.09,7.23,0.61,13.43,4.93,40.82
2021-12-17,20.16,13.08,7.23,0.61,13.43,4.92,40.82
2021-12-18,20.15,13.09,7.23,0.6,13.42,4.92,40.8
2021-12-19,20.14,13.09,7.24,0.6,13.42,4.92,40.8
2021-12-20,20.13,13.1,7.24,0.6,13.43,4.91,40.8
2021-12-21,20.32,13.33,7.37,0.72,13.43,5.04,41.22
2021-12-22,20.48,13.33,7.33,0.77,13.45,5.12,40.97
2021-12-23,20.48,13.23,7.27,0.72,13.42,5.05,40.83
2021-12-24,20.47,13.17,7.24,0.69,13.4,5.0,40.79
2021-12-25,20.44,13.15,7.24,0.66,13.4,4.99,40.77
2021-12-26,20.4,13.13,7.24,0.65,13.41,4.97,40.76
2021-12-27,20.37,13.12,7.24,0.63,13.41,4.95,40.76
2021-12-28,20.34,13.11,7.23,0.63,13.41,4.93,40.75
2021-12-29,20.31,13.1,7.23,0.62,13.4,4.92,40.75
2021-12-30,20.3,13.1,7.24,0.61,13.41,4.92,40.75
2021-12-31,20.3,13.09,7.24,0.61,13.41,4.92,40.75
2022-01-01,20.28,13.09,7.24,0.6,13.4,4.92,40.76
2022-01-02,20.26,13.1,7.24,0.59,13.4,4.92,40.76
2022-01-03,20.23,13.1,7.28,0.6,13.46,4.91,40.78
2022-01-04,20.19,13.1,7.26,0.6,13.42,4.91,40.77
2022-01-05,20.17,13.09,7.25,0.59,13.42,4.93,40.77
2022-01-06,20.15,13.08,7.24,0.58,13.41,4.93,40.77
2022-01-07,20.13,13.1,7.24,0.57,13.42,4.92,40.77
2022-01-08,20.12,13.11,7.25,0.56,13.4,4.9,40.77
2022-01-09,20.1,13.08,7.24,0.55,13.4,4.9,40.77
2022-01-10,20.09,13.07,7.26,0.55,13.42,4.91,40.76
2022-01-11,20.07,13.07,7.24,0.54,13.41,4.91,40.75
2022-01-12,20.05,13.06,7.25,0.53,13.39,4.89,40.75
2022-01-13,20.03,13.07,7.25,0.52,13.39,4.89,40.75
2022-01-14,20.02,13.05,7.25,0.52,13.38,4.89,40.75
2022-01-15,20.03,13.05,7.26,0.51,13.34,4.87,40.74
2022-01-16,20.09,13.1,7.31,0.59,13.38,5.11,40.97
2022-01-17,20.13,13.12,7.28,0.61,13.43,5.21,40.85
2022-01-18,20.12,13.11,7.25,0.58,13.4,5.1,40.78
2022-01-19,20.11,13.09,7.26,0.56,13.38,5.03,40.76
2022-01-20,20.1,13.09,7.25,0.56,13.38,4.99,40.76
2022-01-21,20.11,13.08,7.25,0.55,13.39,4.97,40.76
2022-01-22,20.13,13.09,7.27,0.55,13.39,4.96,40.76
2022-01-23,20.12,13.1,7.26,0.55,13.39,4.94,40.75
2022-01-24,20.11,13.09,7.27,0.54,13.37,4.92,40.76
2022-01-25,20.15,13.14,7.32,0.61,13.39,5.03,40.89
2022-01-26,20.33,13.28,7.34,0.73,13.43,5.28,40.93
2022-01-27,20.37,13.21,7.28,0.71,13.45,5.22,40.84
2022-01-28,20.37,13.17,7.25,0.67,13.47,5.14,40.81
2022-01-29,20.36,13.14,7.24,0.64,13.52,5.07,40.78
2022-01-30,20.32,13.11,7.23,0.59,13.43,5.01,40.77
2022-01-31,20.3,13.1,7.22,0.58,13.42,4.99,40.76
2022-02-01,20.27,13.11,7.22,0.58,13.42,4.97,40.75
2022-02-02,20.26,13.1,7.22,0.58,13.42,4.96,40.75
2022-02-03,20.24,13.09,7.22,0.56,13.41,4.96,40.76
2022-02-04,20.23,13.08,7.22,0.55,13.42,4.95,40.76
2022-02-05,20.2,13.08,7.23,0.56,13.47,4.95,40.76
2022-02-06,20.19,13.09,7.27,0.6,13.47,4.95,40.75
2022-02-07,20.18,13.09,7.26,0.58,13.48,4.95,40.75
2022-02-08,20.19,13.12,7.28,0.6,13.48,4.99,40.79
2022-02-09,20.34,13.26,7.38,0.71,13.46,5.09,40.79
2022-02-10,20.35,13.19,7.31,0.69,13.45,5.05,40.79
2022-02-11,20.34,13.16,7.28,0.65,13.44,5.03,40.79
2022-02-12,20.32,13.15,7.26,0.63,13.45,5.0,40.65
2022-02-13,20.31,13.17,7.27,0.63,13.47,5.0,40.67
2022-02-14,20.3,13.16,7.26,0.64,13.47,4.98,40.66
2022-02-15,20.27,13.14,7.24,0.62,13.44,4.96,40.64
2022-02-16,20.24,13.12,7.24,0.59,13.42,4.96,40.64
2022-02-17,20.21,13.12,7.24,0.57,13.41,4.95,40.64
2022-02-18,20.18,13.11,7.25,0.57,13.43,4.95,40.63
2022-02-19,20.16,13.11,7.26,0.56,13.47,4.96,40.65
2022-02-20,20.13,13.08,7.25,0.54,13.44,4.94,40.64
2022-02-21,20.11,13.07,7.26,0.53,13.42,4.92,40.63
2022-02-22,20.08,13.07,7.25,0.52,13.42,4.92,40.62
2022-02-23,20.07,13.08,7.26,0.51,13.43,4.92,40.62
2022-02-24,20.05,13.08,7.26,0.51,13.43,4.92,40.62
2022-02-25,20.05,13.08,7.26,0.51,13.43,4.91,40.62
2022-02-26,20.03,13.09,7.26,0.51,13.43,4.9,40.62
2022-02-27,20.02,13.09,7.27,0.49,13.42,4.9,40.61
2022-02-28,20.01,13.09,7.27,0.49,13.42,4.89,40.61
2022-03-01,20.0,13.11,7.26,0.48,13.42,4.89,40.61
2022-03-02,19.98,13.11,7.26,0.48,13.4,4.88,40.61
2022-03-03,19.96,13.1,7.26,0.47,13.39,4.87,40.61
2022-03-04,19.95,13.08,7.26,0.46,13.38,4.87,40.61
2022-03-05,19.94,13.08,7.26,0.45,13.36,4.86,40.6
2022-03-06,19.92,13.08,7.26,0.42,13.34,4.86,40.6
2022-03-07,19.9,13.07,7.27,0.27,13.34,4.86,40.59
2022-03-08,19.9,13.08,7.26,0.24,13.33,4.89,40.59
2022-03-09,19.89,13.09,7.26,0.25,13.32,4.91,40.6
2022-03-10,19.89,13.11,7.27,0.31,13.34,4.91,40.6
2022-03-11,19.91,13.12,7.27,0.34,13.31,4.91,40.61
2022-03-12,20.25,13.39,7.35,0.45,13.4,5.09,40.72
2022-03-13,20.38,13.4,7.3,0.52,13.36,5.26,40.67
2022-03-14,20.29,13.28,7.26,0.52,13.33,5.13,40.62
2022-03-15,20.24,13.27,7.27,0.62,13.33,5.07,40.76
2022-03-16,20.58,13.66,7.43,0.81,13.41,5.57,41.1
2022-03-17,20.51,13.52,7.31,0.81,13.43,5.39,40.78
2022-03-18,20.41,13.46,7.25,0.73,13.42,5.24,40.7
2022-03-19,20.32,13.39,7.24,0.68,13.42,5.15,40.67
2022-03-20,20.22,13.33,7.23,0.68,13.45,5.07,40.66
2022-03-21,20.12,13.3,7.23,0.63,13.4,5.02,40.64
2022-03-22,20.04,13.27,7.22,0.61,13.38,4.98,40.63
2022-03-23,20.0,13.26,7.22,0.58,13.34,4.94,40.62
2022-03-24,20.31,13.41,7.38,0.86,13.42,5.13,40.9
2022-03-25,20.44,13.49,7.36,0.83,13.44,5.35,40.83
2022-03-26,20.32,13.42,7.28,0.73,13.42,5.22,40.73
2022-03-27,20.2,13.37,7.24,0.66,13.41,5.12,40.68
2022-03-28,20.09,13.33,7.23,0.62,13.39,5.05,40.66
2022-03-29,20.01,13.3,7.22,0.58,13.39,5.01,40.65
2022-03-30,19.97,13.27,7.21,0.55,13.34,4.97,40.64
2022-03-31,19.91,13.27,7.22,0.55,13.31,4.94,40.64
2022-04-01,20.34,13.58,7.47,0.84,13.4,5.3,40.99
2022-04-02,20.48,13.72,7.52,1.17,13.38,5.65,41.21
2022-04-03,20.6,13.78,7.55,1.44,13.36,5.99,41.21
2022-04-04,20.47,13.62,7.37,1.19,13.38,5.5,40.86
2022-04-05,20.39,13.53,7.32,0.98,13.36,5.32,40.8
2022-04-06,20.28,13.48,7.29,0.85,13.37,5.23,40.77
2022-04-07,21.12,14.03,7.65,1.29,13.46,5.56,41.23
2022-04-08,21.44,14.01,7.59,1.68,13.47,5.67,41.03
2022-04-09,20.97,13.74,7.37,1.27,13.44,5.39,40.86
2022-04-10,20.65,13.65,7.31,1.01,13.41,5.26,40.81
2022-04-11,20.45,13.58,7.27,0.87,13.4,5.19,40.79
2022-04-12,20.3,13.51,7.25,0.79,13.4,5.14,40.79
2022-04-13,20.2,13.44,7.24,0.74,13.4,5.1,40.79
2022-04-14,20.12,13.39,7.23,0.71,13.41,5.06,40.79
2022-04-15,20.11,13.36,7.23,0.68,13.42,5.06,40.8
2022-04-16,20.06,13.33,7.24,0.66,13.4,5.32,40.8
2022-04-17,20.0,13.3,7.24,0.64,13.4,5.24,40.8
2022-04-18,19.94,13.27,7.24,0.62,13.4,5.18,40.79
2022-04-19,19.89,13.24,7.24,0.6,13.39,5.11,40.79
2022-04-20,19.85,13.2,7.24,0.59,13.34,5.05,40.79
2022-04-21,19.79,13.18,7.25,0.57,13.32,5.0,40.78
2022-04-22,19.77,13.16,7.26,0.55,13.3,4.97,40.78
2022-04-23,19.76,13.15,7.26,0.53,13.28,4.94,40.78
2022-04-24,19.72,13.14,7.27,0.51,13.27,4.92,40.78
2022-04-25,19.69,13.13,7.27,0.49,13.26,4.91,40.79
2022-04-26,19.67,13.13,7.27,0.48,13.25,4.89,40.8
2022-04-27,19.65,13.11,7.27,0.45,13.24,4.89,40.79
2022-04-28,19.64,13.13,7.27,0.43,13.23,4.88,40.78
2022-04-29,19.63,13.13,7.28,0.43,13.22,4.92,41.08
2022-04-30,19.95,13.41,7.38,0.76,13.25,5.17,41.29
2022-05-01,20.78,14.33,7.44,0.77,13.33,5.17,40.96
2022-05-02,21.83,14.73,7.31,1.61,13.35,5.12,40.87
2022-05-03,21.37,14.49,7.51,1.98,13.35,5.06,40.84
2022-05-04,21.58,15.7,8.24,3.17,13.35,5.01,40.83
2022-05-05,21.26,14.84,7.57,2.07,13.35,4.98,40.84
2022-05-06,21.03,14.36,7.42,1.6,13.32,4.95,40.84
2022-05-07,20.86,14.08,7.37,1.36,13.29,4.96,40.96
2022-05-08,20.7,13.87,7.33,1.19,13.34,4.96,40.94
2022-05-09,20.56,13.73,7.3,1.06,13.32,4.94,40.91
2022-05-10,20.44,13.61,7.27,0.96,13.3,4.9,40.91
2022-05-11,20.34,13.52,7.24,0.87,13.28,4.87,40.9
2022-05-12,20.24,13.45,7.23,0.81,13.25,4.84,40.9
2022-05-13,20.17,13.4,7.23,0.77,13.22,4.84,40.9
2022-05-14,20.12,13.34,7.23,0.74,13.21,4.87,40.9
2022-05-15,20.06,13.3,7.23,0.72,13.2,4.86,40.89
2022-05-16,20.0,13.27,7.23,0.7,13.18,4.83,40.86
2022-05-17,19.95,13.24,7.23,0.68,13.16,4.81,40.8
2022-05-18,19.92,13.21,7.23,0.65,13.15,4.79,40.8
2022-05-19,19.88,13.19,7.23,0.63,13.14,4.77,40.78
2022-05-20,19.85,13.2,7.24,0.64,13.08,4.76,40.78
2022-05-21,19.84,13.24,7.25,0.66,13.08,4.75,40.78
2022-05-22,19.82,13.23,7.25,0.69,13.06,4.76,40.76
2022-05-23,19.8,13.22,7.24,0.75,13.07,4.77,40.76
2022-05-24,19.77,13.43,7.26,1.01,13.05,4.8,40.75
2022-05-25,19.75,13.33,7.24,0.94,13.03,4.78,40.76
2022-05-26,19.71,13.26,7.23,0.82,13.0,4.76,40.83
2022-05-27,19.69,13.22,7.23,0.76,12.99,4.76,40.77
2022-05-28,19.67,13.2,7.28,1.33,13.0,4.8,40.75
2022-05-29,19.64,13.17,7.28,0.95,12.98,4.8,40.73
2022-05-30,19.62,13.15,7.25,0.82,12.92,4.78,40.93
2022-05-31,19.65,13.17,7.3,0.79,12.96,4.83,41.26
2022-06-01,19.63,13.14,7.25,0.93,13.08,4.89,40.9
2022-06-02,19.65,13.23,7.47,2.03,13.07,4.96,40.82
2022-06-03,19.76,14.11,7.82,2.03,13.06,4.93,40.78
2022-06-04,19.89,14.03,7.51,2.03,13.07,4.91,40.83
2022-06-05,19.87,13.93,7.39,2.03,13.07,4.89,40.8
2022-06-06,19.83,13.76,7.32,1.47,13.05,4.87,40.88
2022-06-07,19.82,13.63,7.28,1.22,13.05,4.89,40.84
2022-06-08,19.79,13.52,7.25,1.11,13.04,4.88,40.79
2022-06-09,20.27,13.58,7.5,1.09,13.02,4.85,40.77
2022-06-10,20.65,13.88,7.7,1.63,13.0,4.83,40.76
2022-06-11,20.82,14.36,8.0,2.59,13.14,4.9,40.76
2022-06-12,21.1,14.66,7.95,2.66,13.06,4.96,40.74
2022-06-13,20.84,14.3,7.54,1.78,13.03,4.92,40.72
2022-06-14,20.66,14.01,7.42,1.41,13.02,4.9,40.7
2022-06-15,20.59,13.81,7.48,1.26,13.01,4.9,40.69
2022-06-16,20.78,13.84,7.68,1.39,12.99,4.88,40.68
2022-06-17,20.65,13.7,7.43,1.19,13.04,4.86,40.68
2022-06-18,20.53,13.57,7.36,1.04,13.02,4.86,40.67
2022-06-19,20.41,13.47,7.31,0.95,12.99,4.86,40.72
2022-06-20,20.66,13.54,7.48,0.92,13.01,4.96,40.77
2022-06-21,21.31,13.68,7.58,0.97,13.02,5.1,40.78
2022-06-22,20.96,13.47,7.36,0.93,13.0,5.04,40.72
2022-06-23,20.78,13.36,7.31,0.87,12.98,4.95,40.72
2022-06-24,20.66,13.29,7.29,0.83,12.96,4.87,40.71
2022-06-25,20.56,13.25,7.3,0.8,12.99,5.12,40.79
2022-06-26,20.45,13.21,7.27,0.77,12.97,5.1,41.02
2022-06-27,20.41,13.19,7.28,0.76,12.95,5.25,41.18
2022-06-28,20.4,13.22,7.29,0.83,12.92,5.17,40.89
2022-06-29,20.85,13.48,7.28,1.05,12.93,5.2,40.81
2022-06-30,20.76,13.38,7.31,0.99,12.91,5.18,40.8
2022-07-01,20.82,13.61,7.35,1.19,12.91,6.04,40.93
2022-07-02,20.74,13.42,7.28,1.19,12.95,6.51,41.26
2022-07-03,20.66,13.33,7.25,1.08,12.98,5.95,41.05
2022-07-04,20.58,13.3,7.24,1.02,13.0,5.61,41.08
2022-07-05,20.51,13.29,7.29,0.95,13.08,5.89,41.12
2022-07-06,20.88,13.83,7.7,1.15,13.14,5.44,41.04
2022-07-07,22.19,14.0,7.88,1.34,13.12,5.33,41.22
2022-07-08,21.98,13.76,7.57,1.42,13.11,5.34,40.97
2022-07-09,21.6,13.56,7.41,1.18,13.13,6.52,41.26
2022-07-10,21.3,13.45,7.46,1.15,13.13,6.05,41.37
2022-07-11,21.34,13.9,7.46,1.14,13.13,5.72,41.79
2022-07-12,21.47,13.98,7.41,1.4,13.11,5.63,41.23
2022-07-13,21.65,14.16,7.52,1.46,13.1,5.4,41.02
2022-07-14,22.8,15.22,8.06,2.91,13.07,5.37,41.16
2022-07-15,23.41,16.05,8.59,4.15,13.11,5.72,41.52
2022-07-16,23.51,15.9,8.73,3.69,13.18,5.98,41.29
2022-07-17,24.02,16.25,8.92,4.31,13.19,5.51,41.04
2022-07-18,23.73,15.65,8.06,3.7,13.14,5.37,40.96
2022-07-19,23.27,14.86,7.65,2.87,13.13,5.3,40.91
2022-07-20,22.78,14.38,7.51,2.26,13.13,5.21,40.89
2022-07-21,22.31,14.07,7.43,1.93,13.09,5.15,40.87
2022-07-22,21.92,14.03,7.39,2.15,13.09,5.19,40.83
2022-07-23,21.63,13.81,7.37,1.83,13.06,5.37,41.27
2022-07-24,21.41,13.65,7.35,1.5,13.12,5.86,41.37
2022-07-25,21.22,13.54,7.32,1.32,13.09,5.47,41.0
2022-07-26,21.13,13.6,7.41,1.33,13.12,5.41,41.51
2022-07-27,21.16,13.95,7.57,1.29,13.09,5.45,41.55
2022-07-28,21.04,13.73,7.42,1.19,13.13,5.3,41.09
2022-07-29,20.93,13.57,7.36,1.12,13.14,5.23,40.98
2022-07-30,20.84,13.43,7.32,1.03,13.15,5.17,40.91
2022-07-31,20.74,13.33,7.3,0.97,13.14,5.12,40.87
2022-08-01,20.64,13.27,7.28,0.92,13.13,5.06,40.83
2022-08-02,20.55,13.23,7.27,0.87,13.14,5.45,40.89
2022-08-03,20.48,13.2,7.26,0.87,13.14,5.5,40.85
2022-08-04,20.48,13.19,7.32,0.87,13.12,5.31,40.82
2022-08-05,20.64,13.19,7.36,1.02,13.16,5.55,40.92
2022-08-06,20.57,13.16,7.29,0.98,13.18,5.66,40.86
2022-08-07,20.5,13.13,7.27,0.96,13.18,5.45,40.81
2022-08-08,20.47,13.2,7.29,1.18,13.18,5.57,40.81
2022-08-09,20.45,13.22,7.31,1.13,13.18,5.42,40.84
2022-08-10,20.43,13.21,7.33,1.16,13.21,5.3,40.8
2022-08-11,20.39,13.15,7.28,1.05,13.25,5.22,40.79
2022-08-12,20.37,13.11,7.26,0.97,13.25,5.15,40.78
2022-08-13,20.33,13.08,7.24,0.9,13.22,5.1,40.77
2022-08-14,20.27,13.08,7.29,0.86,13.2,5.07,40.76
2022-08-15,20.24,13.08,7.29,0.83,13.19,5.08,40.77
2022-08-16,20.2,13.06,7.26,0.81,13.21,5.07,40.77
2022-08-17,20.19,13.07,7.24,0.78,13.18,5.05,40.82
2022-08-18,20.66,13.75,7.27,0.76,13.24,5.13,40.8
2022-08-19,21.78,14.11,7.3,0.85,13.3,5.2,40.89
2022-08-20,21.42,13.49,7.25,0.9,13.28,5.16,40.96
2022-08-21,21.24,13.31,7.25,0.89,13.27,5.09,40.93
2022-08-22,21.09,13.22,7.24,0.84,13.32,5.13,40.9
2022-08-23,20.97,13.16,7.24,0.8,13.29,5.07,40.85
2022-08-24,20.89,13.22,7.26,0.84,13.29,5.14,41.45
2022-08-25,21.09,13.58,7.37,0.88,13.29,5.7,42.1
2022-08-26,21.03,13.32,7.29,0.85,13.3,5.8,42.55
2022-08-27,20.96,13.29,7.28,1.01,13.27,5.65,42.36
2022-08-28,20.88,13.62,7.31,2.12,13.29,5.73,42.24
2022-08-29,20.83,13.64,7.3,1.96,13.29,6.63,42.94
2022-08-30,20.81,13.65,7.27,1.78,13.28,5.77,42.5
2022-08-31,20.8,13.48,7.25,1.61,13.28,5.53,41.6
2022-09-01,21.12,13.93,7.28,1.44,13.27,5.49,41.35
2022-09-02,22.65,15.13,7.74,2.17,13.26,5.76,41.32
2022-09-03,22.85,15.23,8.04,3.13,13.31,5.56,42.2
2022-09-04,22.62,14.5,7.6,2.15,13.29,5.79,42.68
2022-09-05,22.2,14.11,7.48,2.15,13.29,5.47,41.56
2022-09-06,21.85,13.84,7.41,2.15,13.28,5.4,41.27
2022-09-07,21.58,13.67,7.4,1.44,13.29,5.32,41.09
2022-09-08,21.82,13.88,7.66,1.44,13.28,6.51,41.95
2022-09-09,22.07,14.1,7.66,1.44,13.23,6.66,41.77
2022-09-10,22.14,14.21,7.71,2.0,13.2,6.54,41.77
2022-09-11,22.29,14.25,7.67,2.0,13.18,6.75,42.18
2022-09-12,22.18,14.16,7.72,2.0,13.2,6.46,41.81
2022-09-13,21.99,14.17,7.67,2.33,13.19,6.03,41.36
2022-09-14,21.74,14.0,7.64,2.05,13.2,5.76,41.23
2022-09-15,21.89,14.41,8.17,2.05,13.17,5.64,41.22
2022-09-16,22.14,14.64,8.08,2.05,13.19,5.63,41.85
2022-09-17,22.16,14.77,8.23,2.05,13.21,6.47,42.86
2022-09-18,22.27,15.17,8.21,2.05,13.23,5.96,41.86
2022-09-19,21.97,14.67,7.75,2.05,13.26,5.68,41.29
2022-09-20,21.94,14.62,7.84,2.05,13.27,5.54,41.1
2022-09-21,22.58,14.91,7.82,2.05,13.25,5.44,41.01
2022-09-22,22.26,14.31,7.58,2.05,13.25,5.37,40.96
2022-09-23,22.0,14.2,7.67,1.89,13.24,5.33,40.92
2022-09-24,22.07,14.23,7.66,1.86,13.23,5.28,40.89
2022-09-25,21.8,13.91,7.51,1.67,13.2,5.24,40.87
2022-09-26,21.56,14.27,7.66,1.79,12.98,5.21,40.87
2022-09-27,21.71,14.98,7.89,2.32,12.79,5.19,40.9
2022-09-28,22.67,16.18,8.9,3.85,12.91,5.78,41.99
2022-09-29,24.0,17.46,9.23,5.29,13.13,6.24,41.85
2022-09-30,23.86,15.95,8.16,4.22,13.09,5.64,41.16
2022-10-01,23.28,15.09,7.77,3.24,13.15,5.48,40.98
2022-10-02,22.65,14.54,7.6,2.62,13.22,5.38,40.91
2022-10-03,21.98,14.2,7.51,2.28,13.28,5.31,40.87
2022-10-04,21.52,13.96,7.46,2.01,13.32,5.26,40.84
2022-10-05,21.21,13.79,7.42,1.81,13.36,5.22,40.82
2022-10-06,20.99,13.67,7.4,1.64,13.38,5.18,40.8
2022-10-07,20.81,13.58,7.38,1.52,13.4,5.15,40.8
2022-10-08,20.66,13.51,7.36,1.42,13.42,5.12,40.79
2022-10-09,20.53,13.45,7.35,1.32,13.42,5.1,40.78
2022-10-10,20.43,13.4,7.34,1.25,13.43,5.09,40.78
2022-10-11,20.35,13.36,7.34,1.19,13.43,5.07,40.77
2022-10-12,20.31,13.34,7.35,1.14,13.44,5.06,40.76
2022-10-13,20.3,13.34,7.38,1.2,13.47,5.19,40.76
2022-10-14,20.31,13.32,7.38,1.18,13.46,5.19,40.76
2022-10-15,20.25,13.29,7.36,1.11,13.44,5.19,40.76
2022-10-16,20.18,13.26,7.34,1.05,13.45,5.19,40.75
2022-10-17,20.1,13.23,7.33,1.1,13.44,5.19,40.77
2022-10-18,20.05,13.21,7.33,1.23,13.48,5.19,40.8
2022-10-19,19.96,13.18,7.31,1.1,13.45,5.19,40.74
2022-10-20,19.9,13.15,7.29,1.03,13.42,5.19,40.72
2022-10-21,19.87,13.13,7.29,1.09,13.41,5.19,40.71
2022-10-22,19.88,13.11,7.28,0.98,13.4,5.19,40.7
2022-10-23,19.84,13.1,7.28,0.92,13.39,5.19,40.7
2022-10-24,19.84,13.09,7.28,0.91,13.39,5.19,40.69
2022-10-25,19.81,13.09,7.27,0.95,13.39,5.19,40.69
2022-10-26,19.79,13.08,7.27,0.88,13.38,5.19,40.68
2022-10-27,19.78,13.07,7.27,0.84,13.39,5.19,40.71
2022-10-28,19.78,13.05,7.27,0.79,13.4,5.19,40.7
2022-10-29,19.77,13.04,7.26,0.77,13.42,5.19,40.69
2022-10-30,19.74,13.03,7.28,0.76,13.41,5.19,40.69
2022-10-31,19.71,13.02,7.28,0.74,13.4,5.19,40.69
2022-11-01,19.71,13.01,7.26,0.73,13.41,5.19,40.69
2022-11-02,19.7,13.0,7.26,0.72,13.4,5.19,40.69
2022-11-03,19.71,13.0,7.27,0.71,13.41,5.19,40.73
2022-11-04,19.68,12.99,7.28,0.76,13.42,5.19,40.74
2022-11-05,19.66,12.99,7.27,0.79,13.42,5.19,40.72
2022-11-06,19.66,12.99,7.27,0.78,13.42,5.19,40.75
2022-11-07,19.66,12.98,7.28,0.77,13.42,5.19,40.83
2022-11-08,19.66,12.98,7.28,0.75,13.41,5.19,40.77
2022-11-09,19.66,12.98,7.3,0.77,13.4,5.19,40.74
2022-11-10,19.66,14.03,8.03,2.02,13.54,5.19,42.43
2022-11-11,19.66,14.82,8.22,3.14,13.52,5.19,42.3
2022-11-12,19.66,14.32,7.75,2.43,13.47,5.19,41.33
2022-11-13,19.66,14.06,7.6,1.96,13.47,5.19,41.07
2022-11-14,19.66,13.84,7.51,1.71,13.47,5.19,40.96
2022-11-15,20.72,13.67,7.46,1.58,13.44,5.4,40.89
2022-11-16,20.62,13.61,7.43,1.46,13.43,5.36,40.87
2022-11-17,20.49,13.5,7.4,1.3,13.39,5.31,40.85
2022-11-18,20.4,13.39,7.37,1.16,13.39,5.34,40.82
2022-11-19,20.31,13.32,7.35,1.09,13.4,5.32,40.8
2022-11-20,20.25,13.31,7.39,1.13,13.42,5.29,40.89
2022-11-21,20.28,13.37,7.42,1.23,13.44,5.37,40.9
2022-11-22,20.22,13.37,7.38,1.15,13.45,5.31,40.84
2022-11-23,20.2,13.29,7.37,1.08,13.45,5.26,40.81
2022-11-24,20.22,13.2,7.37,1.03,13.41,5.23,40.8
2022-11-25,20.2,13.16,7.37,0.98,13.4,5.2,40.8
2022-11-26,20.18,13.14,7.37,0.95,13.43,5.19,40.79
2022-11-27,20.16,13.12,7.37,0.94,13.44,5.16,40.8
2022-11-28,20.14,13.09,7.36,0.94,13.44,5.2,40.83
2022-11-29,20.12,13.07,7.33,0.89,13.41,5.18,40.81
2022-11-30,20.09,13.05,7.33,0.86,13.41,5.2,40.78
2022-12-01,20.06,13.04,7.33,0.84,13.44,5.18,40.77
2022-12-02,20.06,13.01,7.32,0.81,13.43,5.12,40.77
2022-12-03,20.02,13.0,7.31,0.79,13.44,5.09,40.76
2022-12-04,19.99,12.99,7.31,0.78,13.45,5.08,40.76
2022-12-05,19.97,12.99,7.3,0.76,13.45,5.07,40.77
2022-12-06,19.95,12.98,7.3,0.75,13.41,5.05,40.77
2022-12-07,19.94,12.98,7.3,0.74,13.41,5.04,40.81
2022-12-08,19.93,12.97,7.29,0.74,13.41,5.03,40.75
2022-12-09,19.95,12.97,7.29,0.73,13.41,5.02,40.73
2022-12-10,19.96,12.96,7.3,0.72,13.42,5.02,40.73
2022-12-11,19.94,12.96,7.3,0.71,13.41,5.01,40.74
2022-12-12,19.94,12.95,7.3,0.71,13.42,5.01,40.74
2022-12-13,19.93,12.95,7.29,0.73,13.42,5.0,40.73
2022-12-14,19.91,12.95,7.29,0.73,13.4,5.0,40.73
2022-12-15,20.15,13.15,7.49,0.98,13.48,5.95,41.1
2022-12-16,20.46,13.33,7.5,1.18,13.59,6.08,41.01
2022-12-17,20.42,13.17,7.39,1.04,13.45,5.54,40.86
2022-12-18,20.34,13.08,7.36,0.93,13.41,5.38,40.81
2022-12-19,20.26,13.03,7.33,0.86,13.38,5.28,40.78
2022-12-20,20.19,13.0,7.32,0.82,13.39,5.21,40.77
2022-12-21,20.47,13.34,7.61,1.22,13.48,5.6,41.07
2022-12-22,20.55,13.32,7.49,1.25,13.46,5.51,40.91
2022-12-23,20.6,13.3,7.47,1.19,13.47,5.37,40.88
2022-12-24,20.5,13.19,7.4,1.05,13.46,5.28,40.82
2022-12-25,20.41,13.12,7.36,0.94,13.47,5.22,40.79
2022-12-26,20.33,13.09,7.34,0.88,13.47,5.17,40.78
2022-12-27,20.26,13.06,7.33,0.84,13.47,5.13,40.77
2022-12-28,20.2,13.05,7.32,0.82,13.45,5.1,40.76
2022-12-29,20.16,13.03,7.32,0.8,13.41,5.09,40.75
2022-12-30,20.13,13.02,7.31,0.78,13.4,5.09,40.75
2022-12-31,20.14,13.02,7.34,0.79,13.41,5.12,40.81
2023-01-01,20.2,13.05,7.36,0.83,13.42,5.26,40.89
2023-01-02,20.2,13.05,7.35,0.83,13.42,5.21,40.82
2023-01-03,20.17,13.03,7.34,0.8,13.38,5.16,40.79
2023-01-04,20.16,13.03,7.34,0.87,13.37,5.12,40.82
2023-01-05,20.43,13.28,7.45,0.93,13.42,5.32,41.16
2023-01-06,20.53,13.18,7.39,0.95,13.41,5.27,40.92
2023-01-07,20.47,13.09,7.35,0.89,13.41,5.18,40.85
2023-01-08,20.38,13.04,7.33,0.89,13.41,5.13,40.82
2023-01-09,20.31,13.03,7.33,0.86,13.43,5.09,40.8
2023-01-10,20.25,13.01,7.33,0.81,13.42,5.07,40.79
2023-01-11,20.21,13.0,7.31,0.79,13.43,5.05,40.78
2023-01-12,20.16,12.98,7.31,0.75,13.42,5.03,40.77
2023-01-13,20.25,13.06,7.41,0.95,13.51,5.32,40.87
2023-01-14,20.25,13.07,7.38,0.99,13.49,5.4,40.83
2023-01-15,20.19,13.03,7.34,0.83,13.4,5.29,40.8
2023-01-16,20.13,13.0,7.33,0.79,13.38,5.21,40.78
2023-01-17,20.08,12.98,7.32,0.81,13.37,5.16,40.77
2023-01-18,20.05,12.98,7.32,0.73,13.39,5.13,40.76
2023-01-19,20.04,12.98,7.32,0.72,13.39,5.11,40.76
2023-01-20,20.06,12.98,7.31,0.71,13.43,5.08,40.76
2023-01-21,20.04,12.97,7.3,0.7,13.43,5.06,40.76
2023-01-22,20.0,12.97,7.3,0.7,13.4,5.05,40.76
2023-01-23,19.97,12.97,7.31,0.69,13.44,5.04,40.76
2023-01-24,19.92,12.96,7.3,0.68,13.4,5.01,40.76
2023-01-25,19.9,12.96,7.29,0.68,13.37,5.01,40.77
2023-01-26,20.14,13.06,7.37,0.76,13.49,5.11,40.93
2023-01-27,20.09,12.99,7.32,0.74,13.47,5.08,40.93
2023-01-28,20.03,12.97,7.29,0.71,13.45,5.04,40.84
2023-01-29,19.97,12.96,7.29,0.71,13.44,5.02,40.79
2023-01-30,19.92,12.96,7.28,0.71,13.45,5.0,40.78
2023-01-31,19.9,12.95,7.28,0.68,13.43,4.99,40.78
2023-02-01,19.87,12.95,7.28,0.68,13.43,4.98,40.78
2023-02-02,19.84,12.95,7.28,0.67,13.44,4.98,40.77
2023-02-03,19.92,12.98,7.31,0.67,13.46,4.98,40.77
2023-02-04,20.02,13.01,7.32,0.7,13.41,4.96,40.77
2023-02-05,19.96,12.96,7.29,0.7,13.4,4.96,40.77
2023-02-06,19.92,12.96,7.29,0.69,13.41,4.96,40.77
2023-02-07,19.88,12.96,7.27,0.68,13.39,4.95,40.76
2023-02-08,19.83,12.96,7.28,0.66,13.4,4.94,40.76
2023-02-09,19.8,12.96,7.28,0.66,13.39,4.94,40.76
2023-02-10,19.78,12.96,7.27,0.7,13.39,4.93,40.76
2023-02-11,19.77,12.96,7.27,0.73,13.39,4.95,40.77
2023-02-12,19.82,12.96,7.29,0.65,13.44,5.03,40.82
2023-02-13,19.79,12.96,7.27,0.69,13.42,5.01,40.79
2023-02-14,19.75,12.96,7.26,0.75,13.4,4.98,40.77
2023-02-15,19.72,12.96,7.25,0.66,13.39,4.97,40.77
2023-02-16,19.71,12.96,7.25,0.63,13.39,4.96,40.77
2023-02-17,19.7,12.96,7.25,0.62,13.4,4.96,40.77
2023-02-18,19.68,12.96,7.26,0.62,13.41,4.95,40.77
2023-02-19,19.66,12.96,7.26,0.61,13.39,4.94,40.77
2023-02-20,19.65,12.96,7.26,0.63,13.39,4.94,40.78
2023-02-21,19.65,12.96,7.25,0.59,13.39,4.94,40.79
2023-02-22,19.65,12.96,7.25,0.59,13.38,4.93,40.78
2023-02-23,19.67,12.96,7.25,0.59,13.38,4.94,40.79
2023-02-24,19.65,12.96,7.24,0.58,13.4,4.94,40.79
2023-02-25,19.64,12.96,7.24,0.57,13.4,4.93,40.8
2023-02-26,19.62,12.96,7.24,0.56,13.39,4.92,40.8
2023-02-27,19.61,12.96,7.24,0.56,13.37,4.92,40.8
2023-02-28,19.61,12.96,7.24,0.55,13.37,4.91,40.8
2023-03-01,19.61,12.87,7.24,0.56,13.37,4.91,40.81
2023-03-02,19.61,12.88,7.25,0.54,13.35,4.91,40.81
2023-03-03,19.61,12.87,7.24,0.54,13.3,4.91,40.81
2023-03-04,19.6,12.84,7.24,0.53,13.33,4.9,40.81
2023-03-05,19.6,12.83,7.24,0.52,13.34,4.9,40.82
2023-03-06,19.59,12.82,7.24,0.52,13.34,4.89,40.83
2023-03-07,19.58,12.82,7.24,0.5,13.33,4.88,40.83
2023-03-08,19.58,12.81,7.24,0.49,13.32,4.88,40.84
2023-03-09,19.57,12.8,7.24,0.48,13.3,4.88,40.84
2023-03-10,19.56,12.8,7.24,0.48,13.28,4.9,40.86
2023-03-11,19.55,12.82,7.25,0.49,13.29,4.93,40.94
2023-03-12,19.54,12.8,7.24,0.48,13.25,4.92,40.91
2023-03-13,19.56,12.82,7.24,0.48,13.26,4.91,40.9
2023-03-14,19.55,12.82,7.23,0.51,13.26,4.89,40.89
2023-03-15,19.55,12.8,7.23,0.49,13.22,4.88,40.89
2023-03-16,19.55,12.8,7.24,0.46,13.19,4.87,40.89
2023-03-17,19.54,12.8,7.24,0.44,13.15,4.86,40.89
2023-03-18,19.53,12.79,7.23,0.43,13.17,4.86,40.9
2023-03-19,19.52,12.79,7.23,0.42,13.18,4.85,40.91
2023-03-20,19.51,12.78,7.23,0.4,13.15,4.83,40.91
2023-03-21,19.52,12.78,7.23,0.42,13.11,4.81,40.91
2023-03-22,19.52,12.78,7.23,0.38,13.09,4.81,40.91
2023-03-23,19.5,12.76,7.23,0.35,13.08,4.79,40.92
2023-03-24,19.49,12.76,7.23,0.32,13.07,4.79,40.93
2023-03-25,19.49,12.75,7.23,0.31,13.06,4.79,40.96
2023-03-26,19.48,12.75,7.23,0.3,13.06,4.8,40.98
2023-03-27,19.47,12.75,7.24,0.3,13.06,4.81,40.99
2023-03-28,19.47,12.75,7.23,0.38,13.05,4.81,40.98
2023-03-29,19.46,12.75,7.23,0.37,13.05,4.8,40.96
2023-03-30,19.45,12.73,7.23,0.28,13.03,4.79,40.95
2023-03-31,19.44,12.72,7.23,0.28,12.99,4.77,40.95
2023-04-01,19.43,12.72,7.23,0.23,12.98,4.77,40.95
2023-04-02,19.42,12.71,7.23,0.26,12.99,4.77,40.95
2023-04-03,19.41,12.72,7.22,0.28,12.97,4.77,40.96
2023-04-04,19.41,12.71,7.22,0.27,12.97,4.76,40.97
2023-04-05,19.39,12.72,7.22,0.25,12.94,4.76,40.97
2023-04-06,19.39,12.7,7.22,0.26,12.93,4.75,40.97
2023-04-07,19.39,12.7,7.22,0.24,12.92,4.74,40.96
2023-04-08,19.39,12.7,7.23,0.23,12.9,4.72,40.96
2023-04-09,19.38,12.72,7.23,0.24,12.89,4.7,40.96
2023-04-10,19.37,12.73,7.23,0.25,12.87,4.7,40.97
2023-04-11,19.35,12.72,7.24,0.24,12.83,4.7,40.98
2023-04-12,19.35,12.72,7.24,0.24,12.81,4.73,41.0
2023-04-13,19.36,12.74,7.25,0.26,12.79,4.74,41.02
2023-04-14,19.34,12.73,7.24,0.27,12.8,4.75,41.0
2023-04-15,19.35,12.72,7.23,0.26,12.8,4.77,40.98
2023-04-16,19.35,12.71,7.24,0.25,12.77,4.78,40.97
2023-04-17,19.52,13.04,7.25,0.43,12.84,5.47,41.23
2023-04-18,19.53,13.06,7.24,0.39,12.82,5.29,41.11
2023-04-19,19.46,12.93,7.23,0.3,12.79,5.1,41.04
2023-04-20,19.42,12.88,7.23,0.26,12.78,4.98,41.01
2023-04-21,19.4,12.85,7.23,0.24,12.76,4.91,41.0
2023-04-22,19.39,12.84,7.23,0.24,12.75,4.86,41.0
2023-04-23,19.37,12.82,7.23,0.24,12.74,4.82,40.99
2023-04-24,19.55,12.9,7.32,0.46,12.72,4.79,40.99
2023-04-25,19.74,13.02,7.3,0.56,12.71,4.77,40.99
2023-04-26,19.62,12.95,7.24,0.48,12.7,4.76,40.98
2023-04-27,19.55,12.93,7.23,0.47,12.68,4.76,41.0
2023-04-28,19.6,12.94,7.25,0.51,12.72,4.99,41.32
2023-04-29,19.56,12.94,7.24,0.48,12.7,5.0,41.19
2023-04-30,19.52,12.92,7.25,0.46,12.73,5.01,41.22
2023-05-01,19.45,12.9,7.24,0.36,12.71,4.94,41.13
2023-05-02,19.41,12.88,7.23,0.36,12.69,4.87,41.08
2023-05-03,19.41,12.88,7.23,0.36,12.69,4.82,41.05
2023-05-04,19.37,12.88,7.22,0.36,12.67,4.78,41.03
2023-05-05,19.36,12.88,7.22,0.36,12.65,4.74,41.02
2023-05-06,19.36,12.88,7.22,0.36,12.64,4.71,41.01
2023-05-07,19.36,12.87,7.24,0.36,12.62,4.68,41.0
2023-05-08,19.36,12.85,7.23,0.36,12.6,4.66,40.98
2023-05-09,19.35,12.83,7.23,0.19,12.59,4.65,40.97
2023-05-10,19.39,12.82,7.23,0.18,12.58,4.64,40.97
2023-05-11,19.37,12.81,7.23,0.17,12.56,4.63,40.96
2023-05-12,19.35,12.95,7.24,0.15,12.55,4.62,40.95
2023-05-13,19.36,12.84,7.21,0.15,12.53,4.67,41.15
2023-05-14,19.41,12.81,7.23,0.18,12.52,4.7,41.05
2023-05-15,19.38,12.79,7.23,0.17,12.51,4.67,41.01
2023-05-16,19.39,12.77,7.21,0.16,12.49,4.66,40.99
2023-05-17,19.38,12.74,7.22,0.15,12.49,4.65,40.97
2023-05-18,19.37,12.73,7.21,0.13,12.47,4.62,40.96
2023-05-19,19.35,12.68,7.22,0.1,12.46,4.57,40.96
2023-05-20,19.39,12.7,7.22,0.13,12.43,4.53,40.95
2023-05-21,19.56,12.93,7.26,0.19,12.41,4.66,41.18
2023-05-22,19.45,12.89,7.22,0.18,12.4,4.89,41.27
2023-05-23,19.43,12.85,7.21,0.2,12.38,4.83,41.15
2023-05-24,19.6,12.89,7.27,0.47,12.36,4.86,41.78
2023-05-25,19.92,13.21,7.52,0.63,12.35,5.39,41.98
2023-05-26,20.24,13.64,7.57,0.75,12.35,5.28,41.73
2023-05-27,19.88,13.38,7.34,0.7,12.34,5.15,41.8
2023-05-28,19.68,13.24,7.28,0.62,12.32,5.02,41.32
2023-05-29,19.57,13.14,7.24,0.56,12.3,4.92,41.12
2023-05-30,19.51,13.1,7.23,0.52,12.28,4.85,41.03
2023-05-31,19.71,13.18,7.27,0.54,12.26,4.82,41.22
2023-06-01,20.32,13.57,7.49,1.46,12.27,5.23,41.45
2023-06-02,20.11,13.72,7.56,1.87,12.31,5.67,41.2
2023-06-03,20.03,13.64,7.41,1.27,12.44,5.28,41.09
2023-06-04,19.89,13.52,7.32,0.98,12.43,5.21,41.03
2023-06-05,19.73,13.39,7.28,0.84,12.45,5.43,41.13
2023-06-06,19.65,13.29,7.26,0.78,12.45,5.22,41.03
2023-06-07,19.61,13.22,7.25,0.72,12.44,5.08,40.98
2023-06-08,19.65,13.16,7.25,0.68,12.44,4.99,40.95
2023-06-09,19.55,13.1,7.25,0.65,12.44,4.92,40.93
2023-06-10,19.49,13.22,7.31,0.67,12.42,4.87,40.91
2023-06-11,19.46,13.73,7.45,1.1,12.41,4.83,40.9
2023-06-12,19.44,13.55,7.34,0.97,12.39,4.8,40.89
2023-06-13,19.41,13.41,7.3,0.82,12.37,4.78,40.88
2023-06-14,19.4,13.31,7.26,0.74,12.35,4.75,40.87
2023-06-15,19.45,13.24,7.25,0.68,12.29,4.74,40.87
2023-06-16,19.4,13.18,7.24,0.65,12.26,4.72,40.87
2023-06-17,19.38,13.15,7.24,0.65,12.32,4.74,40.91
2023-06-18,20.04,14.02,8.02,1.53,12.49,7.23,42.04
2023-06-19,19.79,13.74,7.47,1.3,12.54,5.72,41.42
2023-06-20,19.65,13.57,7.38,1.01,12.5,5.38,41.25
2023-06-21,20.98,14.11,7.98,2.09,12.54,5.78,41.93
2023-06-22,20.84,14.06,7.7,2.04,12.7,5.92,41.88
2023-06-23,20.37,13.87,7.46,1.41,12.75,5.67,41.47
2023-06-24,20.14,13.7,7.38,1.12,12.85,5.48,41.28
2023-06-25,19.98,13.58,7.47,1.06,12.86,5.27,41.2
2023-06-26,19.99,13.62,7.64,0.96,12.85,5.15,41.13
2023-06-27,19.86,13.52,7.44,0.84,12.85,5.06,41.08
2023-06-28,19.79,13.42,7.38,0.78,12.84,5.01,41.06
2023-06-29,19.8,13.34,7.36,0.73,12.83,4.97,41.05
2023-06-30,19.75,13.24,7.33,0.68,12.81,4.93,41.04
2023-07-01,19.69,13.16,7.31,0.65,12.8,4.9,41.02
2023-07-02,19.67,13.09,7.29,0.62,12.78,4.87,41.18
2023-07-03,19.79,13.05,7.28,0.59,12.77,4.85,41.33
2023-07-04,19.68,13.01,7.27,0.58,12.77,4.84,41.15
2023-07-05,19.63,12.97,7.27,0.56,12.74,4.82,41.07
2023-07-06,19.61,12.95,7.26,0.54,12.73,4.81,41.03
2023-07-07,19.68,12.98,7.28,0.56,12.71,5.02,41.02
2023-07-08,20.08,13.17,7.32,0.6,12.69,5.05,41.04
2023-07-09,19.93,13.05,7.29,0.62,12.7,4.95,41.06
2023-07-10,20.07,13.06,7.38,0.75,12.66,4.9,41.26
2023-07-11,20.51,13.26,7.49,1.21,12.76,5.06,41.55
2023-07-12,20.29,13.22,7.36,1.17,12.79,5.05,41.29
2023-07-13,20.15,13.26,7.32,1.24,12.78,4.96,41.17
2023-07-14,20.04,13.85,7.39,2.53,12.77,4.96,41.12
2023-07-15,19.96,13.62,7.32,1.84,12.76,4.91,41.08
2023-07-16,20.29,13.5,7.41,1.58,12.74,4.85,41.06
2023-07-17,20.8,13.8,7.84,2.37,12.74,4.81,41.06
2023-07-18,20.59,13.94,7.73,3.57,12.72,5.08,41.21
2023-07-19,20.43,13.79,7.47,2.52,12.71,5.42,41.52
2023-07-20,20.31,13.71,7.39,2.16,12.7,5.23,41.31
2023-07-21,20.25,13.96,7.35,3.19,12.7,5.16,41.2
2023-07-22,20.13,13.69,7.32,2.42,12.66,5.04,41.14
2023-07-23,20.04,13.51,7.3,1.87,12.64,4.97,41.22
2023-07-24,19.97,13.36,7.28,1.59,12.65,4.96,41.21
2023-07-25,19.93,13.26,7.27,1.4,12.76,5.29,41.25
2023-07-26,19.93,13.19,7.26,1.23,12.76,5.19,41.28
2023-07-27,19.96,13.16,7.26,1.14,12.75,5.13,41.82
2023-07-28,20.52,13.3,7.42,1.31,12.74,5.15,41.86
2023-07-29,21.44,13.51,7.47,1.23,12.75,5.5,41.66
2023-07-30,20.93,13.39,7.34,1.2,12.76,5.3,41.51
2023-07-31,20.67,13.25,7.3,1.14,12.72,5.15,41.53
2023-08-01,20.89,13.24,7.28,1.05,12.77,5.06,41.67
2023-08-02,21.02,13.21,7.29,0.97,12.76,4.99,41.42
2023-08-03,20.82,13.14,7.28,0.91,12.74,4.94,41.34
2023-08-04,20.63,13.08,7.26,0.87,12.77,4.97,41.28
2023-08-05,20.49,13.05,7.27,0.87,12.76,4.93,41.23
2023-08-06,20.38,13.03,7.48,0.83,12.76,4.88,41.19
2023-08-07,20.32,13.07,7.47,0.8,12.74,4.84,41.15
2023-08-08,20.23,13.04,7.33,0.74,12.73,4.81,41.13
2023-08-09,20.16,12.99,7.29,0.73,12.72,4.78,41.11
2023-08-10,20.1,12.96,7.26,0.68,12.7,4.76,41.09
2023-08-11,20.06,12.95,7.24,0.63,12.69,4.75,41.08
2023-08-12,20.01,12.92,7.24,0.61,12.68,4.74,41.12
2023-08-13,19.96,12.9,7.22,0.59,12.63,4.72,41.16
2023-08-14,19.93,12.9,7.22,0.58,12.65,5.29,41.14
2023-08-15,19.91,12.89,7.22,0.57,12.66,5.77,41.22
2023-08-16,19.89,12.86,7.21,0.56,12.66,5.33,41.18
2023-08-17,20.04,13.1,7.36,2.7,12.68,5.26,41.15
2023-08-18,20.18,13.68,7.42,4.0,12.8,5.51,41.18
2023-08-19,20.1,13.45,7.31,2.36,12.82,5.42,41.28
2023-08-20,20.18,13.31,7.32,1.87,12.8,5.43,41.77
2023-08-21,20.29,13.29,7.39,1.77,12.8,5.38,41.83
2023-08-22,20.21,13.19,7.3,1.44,12.81,5.19,41.51
2023-08-23,20.39,13.13,7.26,1.28,12.78,5.09,41.39
2023-08-24,20.84,13.15,7.25,1.18,12.78,5.3,41.41
2023-08-25,20.6,13.05,7.22,1.09,12.79,5.17,41.3
2023-08-26,20.48,12.98,7.21,0.99,12.74,5.07,41.24
2023-08-27,20.45,13.1,7.6,1.36,12.77,5.11,41.22
2023-08-28,20.55,13.72,7.86,2.34,12.77,5.11,41.31
2023-08-29,20.48,13.58,7.53,1.87,12.74,5.15,41.32
2023-08-30,22.37,13.58,9.09,4.28,12.91,7.15,42.82
2023-08-31,22.25,16.09,8.51,4.28,13.19,6.06,42.13
2023-09-01,21.63,15.12,7.84,4.03,13.25,5.55,41.75
2023-09-02,21.33,14.4,7.59,3.03,13.29,5.36,41.54
2023-09-03,21.08,13.93,7.48,2.33,13.3,5.23,41.44
2023-09-04,20.89,13.65,7.42,1.94,13.3,5.13,41.37
2023-09-05,20.74,13.45,7.37,1.67,13.3,5.05,41.33
2023-09-06,20.61,13.3,7.35,1.46,13.29,5.01,41.28
2023-09-07,20.53,13.19,7.33,1.32,13.29,4.97,41.59
2023-09-08,20.45,13.14,7.35,1.29,13.25,4.98,41.97
2023-09-09,20.39,13.1,7.34,1.27,13.39,5.22,41.8
2023-09-10,20.32,13.04,7.32,1.18,13.38,5.39,41.56
2023-09-11,20.25,13.0,7.3,1.13,13.35,5.18,41.46
2023-09-12,20.18,12.98,7.28,1.08,13.35,5.06,41.39
2023-09-13,20.14,12.96,7.26,1.02,13.35,4.99,41.33
2023-09-14,20.15,13.07,7.49,1.03,13.34,4.94,41.29
2023-09-15,20.2,13.17,7.56,0.96,13.33,4.91,41.25
2023-09-16,20.58,13.28,7.51,0.9,13.32,4.88,41.22
2023-09-17,21.37,13.5,7.58,0.9,13.34,4.86,41.2
2023-09-18,21.02,13.23,7.43,0.88,13.35,4.86,41.17
2023-09-19,20.85,13.11,7.37,0.83,13.32,4.86,41.15
2023-09-20,20.72,13.16,7.4,1.55,13.29,4.84,41.13
2023-09-21,20.84,13.78,7.6,2.28,13.32,4.83,41.14
2023-09-22,21.32,13.8,7.7,2.03,13.34,4.82,41.12
2023-09-23,21.09,13.51,7.46,1.61,13.32,4.8,41.1
2023-09-24,20.93,13.33,7.38,1.29,13.3,4.78,41.09
2023-09-25,20.81,13.22,7.34,1.12,13.29,4.77,41.09
2023-09-26,20.71,13.2,7.33,1.04,13.29,4.77,41.09
2023-09-27,20.63,13.15,7.33,1.02,13.3,4.78,41.15
2023-09-28,20.55,13.08,7.35,0.97,13.33,4.81,41.38
2023-09-29,20.51,13.04,7.32,0.94,13.32,4.79,41.28
2023-09-30,20.54,13.05,7.33,0.92,13.31,4.8,41.21
2023-10-01,20.59,13.01,7.34,0.89,13.31,4.93,41.19
2023-10-02,20.53,12.97,7.3,0.86,13.29,4.89,41.18
2023-10-03,20.46,12.94,7.28,0.84,13.27,4.83,41.16
2023-10-04,20.4,12.91,7.26,0.8,13.26,4.79,41.14
2023-10-05,20.33,12.89,7.26,0.8,13.25,4.77,41.13
2023-10-06,20.27,12.87,7.27,0.8,13.24,4.77,41.13
2023-10-07,20.21,12.85,7.26,0.76,13.23,4.78,41.19
2023-10-08,20.17,12.84,7.27,0.74,13.21,4.75,41.25
2023-10-09,20.14,12.83,7.26,0.74,13.19,4.73,41.19
2023-10-10,20.1,12.82,7.25,0.71,13.17,4.72,41.18
2023-10-11,20.11,12.83,7.26,0.78,13.14,4.73,41.18
2023-10-12,20.4,12.98,7.44,0.97,13.15,6.18,41.88
2023-10-13,20.45,13.06,7.38,0.95,13.27,6.13,41.77
2023-10-14,20.4,12.99,7.33,0.9,13.27,5.42,41.54
2023-10-15,20.34,12.92,7.29,0.84,13.26,5.21,41.46
2023-10-16,20.26,12.88,7.28,0.8,13.24,5.11,41.41
2023-10-17,20.19,12.85,7.26,0.77,13.22,5.02,41.38
2023-10-18,20.12,12.83,7.25,0.74,13.19,4.96,41.36
2023-10-19,20.07,12.82,7.25,0.77,13.18,4.93,41.35
2023-10-20,20.03,12.8,7.25,0.74,13.17,4.9,41.35
2023-10-21,20.0,12.78,7.25,0.7,13.17,4.89,41.33
2023-10-22,19.96,12.77,7.24,0.66,13.17,4.88,41.33
2023-10-23,19.92,12.76,7.25,0.65,13.16,4.86,41.32
2023-10-24,19.89,12.75,7.24,0.64,13.15,4.84,41.3
2023-10-25,19.84,12.74,7.24,0.62,13.14,4.82,41.31
2023-10-26,19.81,12.74,7.24,0.61,13.12,4.81,41.35
2023-10-27,19.78,12.73,7.24,0.6,13.11,4.8,41.39
2023-10-28,19.75,12.73,7.24,0.6,13.1,4.79,41.38
2023-10-29,19.73,12.72,7.23,0.59,13.09,4.78,41.37
2023-10-30,19.73,12.72,7.24,0.59,13.08,4.78,41.36
2023-10-31,19.71,12.73,7.24,0.58,13.08,4.77,41.35
2023-11-01,19.68,12.72,7.24,0.57,13.07,4.77,41.33
2023-11-02,19.66,12.71,7.24,0.56,13.03,4.75,41.32
2023-11-03,19.65,12.71,7.25,0.56,13.02,4.74,41.31
2023-11-04,19.63,12.7,7.26,0.55,13.0,4.73,41.31
2023-11-05,19.61,12.69,7.26,0.54,12.99,4.73,41.31
2023-11-06,19.59,12.69,7.26,0.54,12.97,4.72,41.31
2023-11-07,19.58,12.69,7.26,0.53,12.97,4.72,41.3
2023-11-08,19.59,12.71,7.25,0.53,12.95,4.72,41.28
2023-11-09,19.58,12.7,7.26,0.54,12.95,4.72,41.28
2023-11-10,19.58,12.7,7.25,0.55,12.94,4.72,41.28
2023-11-11,19.56,12.7,7.26,0.54,12.94,4.72,41.28
2023-11-12,19.55,12.7,7.26,0.53,12.94,4.72,41.28
2023-11-13,19.54,12.72,7.26,0.54,12.93,4.71,41.27
2023-11-14,19.59,12.81,7.27,0.59,12.92,4.73,41.36
2023-11-15,19.71,12.92,7.31,0.64,12.92,4.88,41.62
2023-11-16,19.81,12.94,7.31,0.65,12.96,4.99,41.54
2023-11-17,19.82,12.9,7.29,0.65,12.98,4.94,41.45
2023-11-18,19.85,12.83,7.3,0.65,12.99,4.89,41.4
2023-11-19,19.79,12.79,7.28,0.62,12.98,4.85,41.38
2023-11-20,19.75,12.77,7.29,0.61,12.97,4.82,41.36
2023-11-21,19.72,12.75,7.28,0.6,12.95,4.81,41.34
2023-11-22,19.73,12.75,7.29,0.62,12.95,4.8,41.36
2023-11-23,19.73,12.77,7.31,0.62,12.97,4.79,41.39
2023-11-24,19.7,12.77,7.3,0.61,12.94,4.77,41.37
2023-11-25,19.69,12.78,7.29,0.6,12.93,4.76,41.35
2023-11-26,19.72,12.8,7.3,0.61,12.91,4.77,41.44
2023-11-27,19.85,12.86,7.35,0.64,12.95,4.84,41.69
2023-11-28,19.77,12.83,7.32,0.63,12.92,4.83,41.53
2023-11-29,19.73,12.8,7.3,0.62,12.91,4.8,41.45
2023-11-30,19.69,12.78,7.29,0.61,12.89,4.78,41.4
2023-12-01,19.67,12.77,7.3,0.6,12.88,4.77,41.37
2023-12-02,19.65,12.78,7.31,0.59,12.88,4.77,41.35
2023-12-03,19.66,12.82,7.33,0.62,12.89,4.77,41.36
2023-12-04,19.7,12.88,7.35,0.63,12.9,4.78,41.39
2023-12-05,19.68,12.86,7.31,0.61,12.91,4.78,41.36
2023-12-06,19.65,12.83,7.28,0.59,12.91,4.77,41.34
2023-12-07,19.63,12.8,7.26,0.58,12.88,4.75,41.32
2023-12-08,19.63,12.8,7.26,0.58,12.87,4.75,41.31
2023-12-09,19.63,12.78,7.23,0.57,12.86,4.75,41.31
2023-12-10,19.63,12.84,7.26,0.65,12.84,4.77,41.32
2023-12-11,19.94,12.99,7.32,0.75,12.94,4.91,41.43
2023-12-12,19.83,12.94,7.24,0.69,12.93,4.89,41.38
2023-12-13,19.83,12.91,7.22,0.68,12.92,4.87,41.35
2023-12-14,19.72,12.9,7.22,0.66,12.92,4.84,41.33
2023-12-15,19.7,12.89,7.21,0.64,12.9,4.82,41.32
2023-12-16,19.89,13.01,7.3,0.77,12.93,4.92,41.61
2023-12-17,20.99,14.01,7.7,1.78,13.24,6.99,42.6
2023-12-18,20.47,13.65,7.36,1.38,13.31,5.55,41.92
2023-12-19,20.23,13.44,7.28,1.1,13.31,5.29,41.71
2023-12-20,20.07,13.3,7.25,0.97,13.3,5.17,41.61
2023-12-21,19.96,13.22,7.24,0.88,13.3,5.11,41.56
2023-12-22,19.92,13.16,7.23,0.83,13.3,5.06,41.52
2023-12-23,19.89,13.12,7.23,0.8,13.3,5.02,41.49
2023-12-24,19.84,13.1,7.23,0.8,13.31,4.98,41.46
2023-12-25,19.86,13.11,7.24,0.76,13.29,4.98,41.49
2023-12-26,19.9,13.14,7.25,0.77,13.34,5.0,41.5
2023-12-27,19.86,13.11,7.24,0.75,13.35,4.99,41.46
2023-12-28,20.11,13.29,7.36,0.93,13.35,5.05,41.62
2023-12-29,20.08,13.34,7.33,0.96,13.38,5.1,41.59
2023-12-30,19.97,13.25,7.28,0.88,13.38,5.07,41.52
2023-12-31,19.92,13.19,7.26,0.83,13.38,5.03,41.47
2024-01-01,19.88,13.14,7.25,0.78,13.38,4.99,41.45
2024-01-02,19.85,13.11,7.24,0.76,13.39,4.96,41.43
2024-01-03,19.83,13.08,7.23,0.73,13.37,4.93,41.41
2024-01-04,19.9,13.2,7.31,0.85,13.39,4.96,41.61
2024-01-05,19.91,13.2,7.27,0.84,13.37,4.96,41.52
2024-01-06,20.94,13.78,7.65,1.6,13.43,5.17,41.78
2024-01-07,21.12,14.07,7.6,1.8,13.42,5.38,41.81
2024-01-08,20.72,13.83,7.44,1.43,13.36,5.25,41.64
2024-01-09,20.63,13.75,7.44,1.24,13.31,5.6,41.78
2024-01-10,20.85,14.08,7.55,1.53,13.44,5.99,41.95
2024-01-11,20.61,13.85,7.41,1.27,13.37,5.44,41.69
2024-01-12,20.6,13.76,7.42,1.2,13.32,5.32,41.63
2024-01-13,20.52,13.69,7.39,1.15,13.35,5.26,41.57
2024-01-14,20.37,13.55,7.35,1.03,13.3,5.17,41.5
2024-01-15,20.28,13.46,7.33,0.97,13.3,5.12,41.46
2024-01-16,20.28,13.44,7.33,0.94,13.32,5.11,41.45
2024-01-17,20.22,13.43,7.32,0.92,13.34,5.1,41.43
2024-01-18,20.15,13.36,7.3,0.88,13.32,5.06,41.41
2024-01-19,20.3,13.38,7.3,0.86,13.33,5.12,41.58
2024-01-20,20.26,13.32,7.3,0.84,13.32,5.1,41.51
2024-01-21,20.14,13.24,7.27,0.8,13.3,5.05,41.44
2024-01-22,20.07,13.2,7.26,0.78,13.3,5.01,41.4
2024-01-23,20.04,13.17,7.26,0.76,13.3,4.99,41.38
2024-01-24,20.02,13.16,7.26,0.75,13.31,4.99,41.37
2024-01-25,20.01,13.16,7.26,0.74,13.32,4.98,41.35
2024-01-26,19.99,13.15,7.26,0.73,13.35,4.97,41.34
2024-01-27,20.0,13.14,7.26,0.72,13.34,4.97,41.34
2024-01-28,20.0,13.14,7.27,0.71,13.39,4.96,41.35
2024-01-29,19.95,13.1,7.26,0.7,13.39,4.94,41.35
2024-01-30,19.9,13.08,7.26,0.69,13.35,4.93,41.35
2024-01-31,19.87,13.07,7.25,0.69,13.35,4.93,41.34
2024-02-01,19.87,13.06,7.25,0.67,13.33,4.91,41.32
2024-02-02,19.84,13.05,7.26,0.67,13.33,4.91,41.31
2024-02-03,19.84,13.04,7.25,0.66,13.32,4.9,41.3
2024-02-04,19.95,13.12,7.28,0.71,13.32,5.01,41.45
2024-02-05,20.03,13.21,7.31,0.74,13.37,5.15,41.58
2024-02-06,19.96,13.16,7.29,0.73,13.42,5.09,41.52
2024-02-07,19.86,13.08,7.27,0.7,13.38,5.02,41.43
2024-02-08,19.8,13.05,7.26,0.68,13.36,4.97,41.39
2024-02-09,19.79,13.04,7.26,0.67,13.36,4.95,41.36
2024-02-10,19.78,13.03,7.25,0.66,13.36,4.93,41.34
2024-02-11,19.75,13.01,7.25,0.65,13.35,4.92,41.32
2024-02-12,19.76,13.0,7.26,0.65,13.33,4.92,41.32
2024-02-13,19.88,13.07,7.29,0.67,13.35,4.92,41.45
2024-02-14,19.83,13.04,7.28,0.66,13.34,4.9,41.5
2024-02-15,19.79,13.01,7.27,0.65,13.32,4.89,41.54
2024-02-16,19.77,13.01,7.27,0.64,13.33,4.88,41.52
2024-02-17,19.9,13.1,7.32,0.72,13.34,4.98,41.67
2024-02-18,21.11,14.25,7.85,1.78,13.33,6.49,42.4
2024-02-19,21.19,14.59,7.77,2.19,13.33,5.98,42.11
2024-02-20,20.83,14.22,7.5,1.6,13.34,5.47,41.84
2024-02-21,20.58,13.91,7.4,1.27,13.37,5.3,41.71
2024-02-22,20.44,13.72,7.35,1.11,13.36,5.23,41.63
2024-02-23,20.33,13.61,7.33,1.01,13.32,5.19,41.59
2024-02-24,20.32,13.59,7.34,0.96,13.38,5.14,41.59
2024-02-25,20.22,13.49,7.31,0.91,13.37,5.08,41.54
2024-02-26,20.14,13.4,7.29,0.86,13.36,5.05,41.52
2024-02-27,20.08,13.35,7.27,0.83,13.32,5.02,41.5
2024-02-28,20.04,13.31,7.26,0.8,13.32,5.0,41.49
2024-02-29,20.04,13.27,7.26,0.78,13.34,4.99,41.48
2024-03-01,20.03,13.24,7.25,0.76,13.34,5.0,41.5
2024-03-02,20.03,13.21,7.25,0.75,13.35,4.99,41.5
2024-03-03,20.09,13.23,7.27,0.76,13.39,5.14,41.55
2024-03-04,20.1,13.23,7.26,0.76,13.42,5.22,41.55
2024-03-05,20.04,13.22,7.28,0.83,13.31,5.15,41.52
2024-03-06,20.58,13.77,7.6,1.52,13.31,5.25,41.67
2024-03-07,20.39,13.66,7.4,1.2,13.34,5.22,41.61
2024-03-08,20.28,13.51,7.35,1.03,13.32,5.15,41.56
2024-03-09,20.2,13.42,7.32,0.94,13.31,5.12,41.53
2024-03-10,20.2,13.49,7.33,0.94,13.39,5.12,41.52
2024-03-11,20.11,13.4,7.29,0.88,13.35,5.11,41.49
2024-03-12,20.02,13.29,7.26,0.83,13.34,5.07,41.47
2024-03-13,19.95,13.24,7.26,0.79,13.34,5.05,41.47
2024-03-14,19.94,13.21,7.25,0.76,13.35,5.03,41.45
2024-03-15,19.92,13.16,7.25,0.74,13.33,4.98,41.44
2024-03-16,19.92,13.15,7.25,0.73,13.34,4.96,41.44
2024-03-17,19.88,13.13,7.26,0.71,13.34,4.95,41.43
2024-03-18,19.86,13.11,7.25,0.7,13.34,4.94,41.43
2024-03-19,19.81,13.1,7.25,0.68,13.33,4.92,41.41
2024-03-20,19.76,13.07,7.25,0.67,13.3,4.9,41.4
2024-03-21,19.73,13.03,7.25,0.65,13.29,4.89,41.4
2024-03-22,19.92,13.19,7.27,0.68,13.26,5.01,41.81
2024-03-23,19.94,13.19,7.27,0.69,13.32,5.05,41.71
2024-03-24,19.87,13.13,7.26,0.67,13.31,4.99,41.62
2024-03-25,19.81,13.08,7.26,0.65,13.28,4.95,41.57
2024-03-26,19.77,13.06,7.29,0.63,13.25,4.91,41.52
2024-03-27,20.01,13.17,7.35,0.74,13.29,5.14,41.68
2024-03-28,20.51,13.71,7.44,0.94,13.35,6.14,42.03
2024-03-29,20.27,13.51,7.32,0.84,13.33,5.54,41.8
2024-03-30,20.12,13.36,7.29,0.77,13.32,5.28,41.72
2024-03-31,20.0,13.26,7.27,0.72,13.33,5.23,41.68
2024-04-01,19.93,13.18,7.27,0.69,13.32,5.21,41.63
2024-04-02,19.89,13.14,7.27,0.67,13.31,5.11,41.61
2024-04-03,20.19,13.39,7.45,0.96,13.33,5.16,41.79
2024-04-04,20.63,14.19,7.6,1.48,13.37,5.46,41.96
2024-04-05,20.39,13.89,7.38,1.19,13.36,5.26,41.8
2024-04-06,20.25,13.69,7.33,0.97,13.35,5.15,41.72
2024-04-07,20.11,13.52,7.3,0.85,13.34,5.08,41.66
2024-04-08,20.02,13.39,7.27,0.79,13.32,5.02,41.64
2024-04-09,19.95,13.28,7.25,0.74,13.3,4.98,41.6
2024-04-10,19.91,13.16,7.24,0.71,13.28,4.95,41.58
2024-04-11,20.25,13.41,7.35,0.81,13.28,5.28,41.83
2024-04-12,20.45,13.7,7.37,0.89,13.34,5.56,41.96
2024-04-13,20.27,13.44,7.3,0.81,13.31,5.26,41.82
2024-04-14,20.15,13.29,7.28,0.75,13.29,5.13,41.77
2024-04-15,20.06,13.19,7.26,0.71,13.28,5.06,41.72
2024-04-16,19.98,13.11,7.26,0.68,13.27,5.0,41.69
2024-04-17,19.92,13.06,7.25,0.65,13.25,4.96,41.66
2024-04-18,19.88,13.04,7.25,0.64,13.25,4.93,41.65
2024-04-19,19.86,13.0,7.25,0.62,13.24,4.92,41.63
2024-04-20,19.83,12.99,7.25,0.61,13.23,4.89,41.61
2024-04-21,19.8,12.98,7.26,0.6,13.21,4.87,41.6
2024-04-22,19.77,12.95,7.27,0.59,13.23,4.86,41.59
2024-04-23,19.74,12.92,7.25,0.58,13.16,4.83,41.58
2024-04-24,19.71,12.9,7.25,0.57,13.15,4.82,41.58
2024-04-25,19.68,12.89,7.26,0.56,13.13,4.81,41.57
2024-04-26,19.67,12.85,7.27,0.55,13.1,4.81,41.57
2024-04-27,19.64,12.83,7.27,0.55,13.08,4.79,41.56
2024-04-28,19.62,12.82,7.27,0.54,13.07,4.78,41.55
2024-04-29,19.6,12.8,7.28,0.53,13.04,4.76,41.54
2024-04-30,19.6,12.81,7.28,0.53,13.03,4.75,41.54
2024-05-01,19.59,12.8,7.28,0.53,13.03,4.76,41.53
2024-05-02,19.61,12.77,7.28,0.52,13.01,4.76,41.52
2024-05-03,19.6,12.78,7.29,0.51,13.0,4.76,41.51
2024-05-04,19.58,12.76,7.27,0.5,12.98,4.75,41.49
2024-05-05,19.59,12.84,7.29,0.65,12.96,4.75,41.48
2024-05-06,19.6,13.53,7.3,1.5,12.94,4.72,41.48
2024-05-07,19.59,13.29,7.25,1.04,12.93,4.72,41.48
2024-05-08,19.58,13.12,7.23,0.85,12.91,4.74,41.49
2024-05-09,19.57,13.03,7.22,0.75,12.89,4.77,41.48
2024-05-10,19.56,12.98,7.22,0.7,12.88,4.77,41.48
2024-05-11,19.55,12.91,7.22,0.67,12.88,4.75,41.47
2024-05-12,19.52,12.85,7.22,0.63,12.86,4.72,41.47
2024-05-13,19.52,12.8,7.24,0.61,12.8,4.71,41.47
2024-05-14,19.53,12.78,7.24,0.6,12.74,4.79,41.47
2024-05-15,19.54,12.84,7.24,0.6,12.79,5.2,41.67
2024-05-16,19.53,12.86,7.24,0.59,12.81,5.25,41.71
2024-05-17,19.51,12.8,7.24,0.57,12.77,5.09,41.63
2024-05-18,19.49,12.76,7.24,0.56,12.78,4.98,41.59
2024-05-19,19.48,12.75,7.22,0.56,12.76,4.9,41.57
2024-05-20,19.45,12.72,7.24,0.54,12.77,4.85,41.55
2024-05-21,19.44,12.69,7.23,0.53,12.74,4.81,41.53
2024-05-22,19.54,12.67,7.23,0.52,12.72,4.78,41.52
2024-05-23,19.47,12.61,7.24,0.5,12.7,4.75,41.51
2024-05-24,19.43,12.58,7.23,0.49,12.69,4.73,41.49
2024-05-25,19.41,12.57,7.22,0.49,12.68,4.7,41.48
2024-05-26,19.4,12.57,7.22,0.48,12.66,4.69,41.46
2024-05-27,19.39,12.57,7.22,0.47,12.65,4.69,41.46
2024-05-28,19.39,12.57,7.23,0.46,12.63,4.65,41.45
2024-05-29,19.38,12.57,7.22,0.46,12.62,4.64,41.44
2024-05-30,19.35,12.57,7.22,0.44,12.58,4.62,41.43
2024-05-31,19.34,12.57,7.23,0.43,12.54,4.61,41.42
2024-06-01,19.32,12.57,7.21,0.42,12.51,4.61,41.47
2024-06-02,19.31,12.57,7.21,0.37,12.49,4.6,41.42
2024-06-03,19.34,12.57,7.26,0.76,12.48,4.62,41.4
2024-06-04,19.43,13.44,7.3,0.89,12.47,4.58,41.39
2024-06-05,19.38,13.12,7.21,0.68,12.46,4.55,41.39
2024-06-06,19.39,12.97,7.21,0.61,12.45,4.56,41.44
2024-06-07,19.39,12.85,7.21,0.57,12.43,4.57,41.46
2024-06-08,19.37,12.77,7.21,0.56,12.41,4.53,41.49
2024-06-09,19.35,12.71,7.21,0.55,12.39,4.54,41.49
2024-06-10,19.34,12.65,7.21,0.54,12.37,4.54,41.49
2024-06-11,19.72,12.95,7.31,0.98,12.5,4.71,41.5
2024-06-12,21.49,15.06,8.02,3.22,12.85,4.71,41.64
2024-06-13,20.73,14.45,7.46,2.39,12.85,4.71,41.58
2024-06-14,20.41,14.13,7.35,1.6,12.84,5.31,41.87
2024-06-15,20.93,13.97,7.35,1.31,12.82,6.86,42.1
2024-06-16,21.05,14.06,7.34,1.42,12.84,6.52,41.73
2024-06-17,20.61,13.85,7.29,1.15,12.9,5.73,41.64
2024-06-18,20.31,13.61,7.26,0.94,12.88,5.3,41.34
2024-06-19,20.23,13.47,7.26,0.85,12.86,5.15,41.34
2024-06-20,20.35,13.47,7.28,0.82,12.86,5.06,41.34
2024-06-21,20.14,13.35,7.26,0.78,12.85,5.0,41.17
2024-06-22,20.03,13.28,7.33,0.92,12.84,5.04,41.13
2024-06-23,20.0,13.25,7.37,0.81,12.84,5.7,41.7
2024-06-24,19.92,13.22,7.31,0.8,12.84,5.3,42.08
2024-06-25,20.15,13.36,7.49,0.96,12.85,6.07,42.34
2024-06-26,19.99,13.27,7.34,0.82,12.85,5.64,41.88
2024-06-27,20.09,13.75,7.76,1.0,12.83,5.32,41.54
2024-06-28,20.33,14.84,7.78,2.08,12.85,5.25,41.61
2024-06-29,20.5,15.11,7.78,1.99,12.88,5.18,42.01
2024-06-30,20.69,15.33,7.77,2.01,12.98,5.5,42.53
2024-07-01,20.53,15.11,7.55,2.28,13.07,6.21,42.75
2024-07-02,20.31,14.67,7.43,1.85,13.07,5.5,41.84
2024-07-03,20.38,14.54,7.45,1.95,13.08,5.63,41.54
2024-07-04,20.87,14.72,7.54,3.09,13.07,5.32,41.41
2024-07-05,20.56,14.38,7.4,2.16,13.07,6.93,41.36
2024-07-06,20.38,14.15,7.35,1.64,13.11,7.05,41.75
2024-07-07,20.21,13.93,7.32,1.37,13.11,5.84,42.0
2024-07-08,20.59,13.96,7.31,1.21,13.09,5.78,41.65
2024-07-09,23.19,14.8,7.52,1.47,13.14,6.71,42.29
2024-07-10,22.3,14.21,7.39,1.49,13.1,5.71,41.66
2024-07-11,21.52,13.97,7.34,1.3,13.11,5.44,41.42
2024-07-12,21.15,14.09,7.47,1.71,13.1,5.43,41.3
2024-07-13,20.92,14.44,7.52,2.4,13.1,5.41,41.21
2024-07-14,21.22,14.55,7.74,3.6,13.12,5.43,41.48
2024-07-15,21.94,14.85,8.05,3.86,13.17,5.4,41.86
2024-07-16,21.41,14.56,7.62,2.7,13.1,5.37,41.89
2024-07-17,21.17,14.4,7.49,2.79,13.12,6.8,41.76
2024-07-18,21.1,14.19,7.41,2.32,13.13,6.61,41.35
2024-07-19,20.9,13.95,7.36,1.88,13.05,5.93,41.26
2024-07-20,20.82,13.82,7.36,1.68,13.08,6.09,41.2
2024-07-21,21.1,13.66,7.48,1.47,13.08,5.56,41.24
2024-07-22,22.29,13.72,7.69,1.38,13.1,5.8,42.06
2024-07-23,21.77,14.24,7.69,1.99,13.12,6.0,43.06
2024-07-24,21.57,14.69,7.73,3.22,13.15,6.71,43.7
2024-07-25,21.27,14.49,7.54,2.64,13.16,6.22,42.54
2024-07-26,21.18,14.3,7.49,2.38,13.19,5.77,42.89
2024-07-27,21.11,14.17,7.53,1.99,13.2,6.48,42.85
2024-07-28,20.85,13.98,7.44,1.78,13.17,6.57,42.28
2024-07-29,20.7,13.88,7.43,1.74,13.18,5.74,41.7
2024-07-30,20.96,14.2,7.7,1.8,13.19,5.56,41.59
2024-07-31,22.05,15.13,8.25,3.11,13.22,5.63,41.52
2024-08-01,21.54,14.61,7.82,2.72,13.18,5.86,41.39
2024-08-02,21.28,14.3,7.58,2.07,13.17,6.05,41.5
2024-08-03,21.12,14.06,7.51,1.73,12.96,5.68,41.82
2024-08-04,22.12,14.88,8.21,2.64,13.15,8.1,43.68
2024-08-05,24.96,19.01,11.26,8.39,14.23,12.79,45.59
2024-08-06,25.01,18.3,9.63,7.33,13.6,8.78,42.91
2024-08-07,24.61,16.8,8.84,5.57,13.21,6.92,41.85
2024-08-08,24.11,15.74,8.32,4.44,13.24,6.38,41.45
2024-08-09,23.55,15.08,7.98,3.54,13.21,6.09,41.29
2024-08-10,23.02,14.67,7.7,2.75,13.19,5.93,41.2
2024-08-11,22.49,14.42,7.58,2.23,13.22,5.81,41.26
2024-08-12,22.04,14.25,7.53,1.92,13.19,5.72,41.76
2024-08-13,21.7,14.13,7.49,1.7,13.23,5.62,41.53
2024-08-14,21.43,14.01,7.45,1.51,13.25,5.54,41.2
2024-08-15,21.21,13.93,7.43,1.38,13.25,5.49,41.39
2024-08-16,20.99,13.85,7.4,1.27,13.22,5.47,41.26
2024-08-17,20.79,13.73,7.37,1.18,13.23,5.38,41.06
2024-08-18,20.62,13.66,7.37,1.09,13.24,5.33,40.98
2024-08-19,20.49,13.6,7.36,1.03,13.25,5.29,40.94
2024-08-20,20.43,13.65,7.42,1.03,13.23,5.25,40.91
2024-08-21,20.58,13.79,7.51,1.18,13.24,5.33,40.92
2024-08-22,20.62,13.79,7.53,1.29,13.26,9.32,43.34
2024-08-23,20.71,13.78,7.53,1.34,13.22,7.25,42.17
2024-08-24,20.81,13.71,7.5,1.43,13.22,6.27,41.41
2024-08-25,20.59,13.6,7.45,1.19,13.24,6.23,41.17
2024-08-26,21.56,13.59,7.85,1.1,13.25,6.44,42.01
2024-08-27,23.46,13.55,7.92,1.05,13.25,6.96,42.61
2024-08-28,22.68,13.46,7.66,1.01,13.3,6.51,42.32
2024-08-29,21.94,13.49,7.66,1.01,13.32,7.14,42.63
2024-08-30,21.49,13.46,7.55,0.98,13.22,6.32,41.63
2024-08-31,21.17,13.36,7.48,0.93,13.21,6.14,41.3
2024-09-01,20.93,13.47,7.43,0.88,13.17,5.94,41.21
2024-09-02,21.14,14.08,7.45,1.61,13.2,5.96,41.18
2024-09-03,21.86,14.66,7.93,2.84,13.2,6.55,41.4
2024-09-04,23.16,17.27,9.47,6.38,13.25,9.57,43.06
2024-09-05,24.74,18.08,9.91,6.66,13.22,8.94,43.74
2024-09-06,24.61,16.87,9.05,5.28,13.1,6.86,42.06
2024-09-07,24.05,15.6,8.28,4.06,13.21,6.19,41.43
2024-09-08,23.37,14.91,7.95,3.18,13.13,5.92,41.22
2024-09-09,22.98,15.22,8.3,3.21,13.11,5.84,41.1
2024-09-10,23.55,16.15,8.64,4.47,13.12,5.69,41.02
2024-09-11,23.13,15.22,8.02,3.75,13.15,5.63,40.98
2024-09-12,22.51,14.75,7.93,3.09,13.17,5.54,41.05
2024-09-13,22.39,14.59,8.06,2.65,13.24,5.48,41.08
2024-09-14,22.08,14.3,7.84,2.27,13.2,5.71,41.41
2024-09-15,21.71,14.31,7.87,2.22,13.19,5.76,41.18
2024-09-16,21.39,14.13,7.72,1.94,13.17,5.55,40.97
2024-09-17,21.14,13.97,7.65,1.76,13.2,5.46,40.88
2024-09-18,21.03,14.09,7.8,1.61,13.21,5.4,40.84
2024-09-19,21.21,14.28,7.96,1.51,13.21,5.65,41.43
2024-09-20,21.04,13.97,7.76,1.39,13.23,5.6,41.09
2024-09-21,20.88,13.83,7.68,1.28,13.26,5.48,40.91
2024-09-22,20.71,13.72,7.6,1.18,13.25,5.36,40.84
2024-09-23,20.56,13.64,7.56,1.11,13.21,5.31,40.81
2024-09-24,20.48,13.57,7.52,1.05,13.04,5.27,40.79
2024-09-25,20.41,13.64,7.56,1.38,12.86,5.56,40.79
2024-09-26,21.2,14.58,8.27,2.6,12.76,6.14,41.52
2024-09-27,22.5,15.46,9.04,3.93,13.36,7.06,41.89
2024-09-28,22.18,15.18,8.11,2.89,13.26,5.98,41.05
2024-09-29,22.07,14.97,7.88,2.49,13.25,6.18,41.04
2024-09-30,21.67,14.55,7.69,2.04,13.28,5.76,40.9
2024-10-01,21.5,14.28,7.6,1.85,13.26,5.63,40.86
2024-10-02,21.35,14.43,7.61,1.98,13.25,5.57,40.83
2024-10-03,22.04,15.48,8.21,3.25,13.34,5.69,41.46
2024-10-04,21.87,14.79,7.82,2.43,13.35,6.41,41.75
2024-10-05,21.57,14.45,7.67,1.99,13.24,5.82,41.06
2024-10-06,21.32,14.23,7.59,1.79,13.17,5.65,40.95
2024-10-07,21.26,14.14,7.6,1.77,12.99,5.84,40.99
2024-10-08,21.11,14.0,7.53,1.65,12.61,5.58,40.91
2024-10-09,22.82,16.47,9.71,4.96,13.02,5.58,44.57
2024-10-10,26.05,19.83,13.09,10.52,13.8,5.58,47.48
2024-10-11,25.34,18.48,9.97,8.07,13.33,9.41,43.15
2024-10-12,24.7,17.51,9.2,6.23,13.23,7.58,41.82
2024-10-13,24.09,16.4,8.67,5.04,13.17,7.04,41.46
2024-10-14,23.48,15.54,8.23,4.27,13.16,6.75,41.31
2024-10-15,22.85,15.02,7.94,3.7,13.15,6.55,41.22
2024-10-16,22.18,14.63,7.76,3.24,13.14,6.42,41.15
2024-10-17,21.7,14.31,7.65,2.9,13.19,6.22,41.09
2024-10-18,21.38,14.11,7.59,2.63,13.17,6.04,41.05
2024-10-19,21.14,13.97,7.57,2.41,13.18,5.91,41.02
2024-10-20,20.97,13.88,7.55,2.23,13.18,5.81,40.98
2024-10-21,20.84,13.88,7.53,2.09,13.15,5.37,40.94
2024-10-22,20.71,13.88,7.52,1.96,13.17,5.37,40.92
2024-10-23,20.59,13.88,7.51,1.9,13.18,5.58,40.9
2024-10-24,20.51,13.88,7.5,1.88,13.17,5.53,40.88
2024-10-25,20.44,13.88,7.49,1.79,13.15,5.52,40.86
2024-10-26,20.35,13.88,7.47,1.73,13.15,5.5,40.84
2024-10-27,20.28,13.88,7.46,1.68,13.17,5.47,40.83
2024-10-28,20.25,13.88,7.46,1.64,13.21,5.44,40.82
2024-10-29,20.2,13.88,7.45,1.61,13.17,5.41,40.81
2024-10-30,20.17,13.88,7.45,1.58,13.22,5.38,40.8
2024-10-31,20.14,13.88,7.45,1.57,13.25,5.35,40.79
2024-11-01,20.12,13.88,7.44,1.54,13.29,5.33,40.78
2024-11-02,20.1,13.88,7.43,1.51,13.3,5.31,40.76
2024-11-03,20.06,13.88,7.43,1.48,13.3,5.28,40.76
2024-11-04,20.02,13.88,7.43,1.45,13.33,5.27,40.76
2024-11-05,20.02,13.88,7.43,1.44,13.31,5.25,40.75
2024-11-06,20.02,13.88,7.43,1.43,13.27,5.26,40.75
2024-11-07,20.02,13.88,7.43,1.42,13.29,5.26,40.74
2024-11-08,20.02,13.88,7.43,1.4,13.32,5.23,40.74
2024-11-09,20.02,13.88,7.42,1.37,13.32,5.23,40.73
2024-11-10,20.02,13.88,7.41,1.35,13.32,5.23,40.73
2024-11-11,20.02,13.88,7.41,1.34,13.33,5.22,40.72
2024-11-12,20.02,13.88,7.4,1.33,13.32,5.21,40.72
2024-11-13,19.85,13.88,7.39,1.3,13.32,5.2,40.72
2024-11-14,19.82,13.88,7.39,1.29,13.31,5.17,40.71
2024-11-15,19.79,13.88,7.38,1.28,13.34,5.16,40.71
2024-11-16,19.77,13.88,7.38,1.26,13.33,5.15,40.71
2024-11-17,19.76,13.88,7.38,1.25,13.32,5.14,40.71
2024-11-18,19.74,13.88,7.38,1.24,13.32,5.13,40.71
2024-11-19,19.72,13.88,7.38,1.23,13.32,5.13,40.71
2024-11-20,19.75,13.88,7.39,1.25,13.35,5.19,40.85
2024-11-21,19.74,13.88,7.39,1.25,13.38,5.21,40.75
2024-11-22,19.71,13.88,7.39,1.23,13.35,5.16,40.72
2024-11-23,19.69,13.0,7.39,1.21,13.31,5.13,40.71
2024-11-24,19.68,12.97,7.4,1.13,13.3,5.11,40.71
2024-11-25,19.68,12.95,7.41,1.05,13.3,5.1,40.71
2024-11-26,19.67,12.94,7.4,0.99,13.31,5.09,40.7
2024-11-27,19.67,12.93,7.39,0.96,13.31,5.1,40.7
2024-11-28,19.68,12.93,7.38,0.93,13.31,5.1,40.71
2024-11-29,19.7,12.93,7.39,0.93,13.35,5.11,40.71
2024-11-30,19.71,12.93,7.4,0.92,13.34,5.12,40.7
2024-12-01,19.67,12.93,7.39,0.9,13.32,5.2,40.7
2024-12-02,19.65,12.93,7.39,0.87,13.31,5.22,40.71
2024-12-03,19.62,12.93,7.38,0.85,13.31,5.13,40.72
2024-12-04,19.62,12.86,7.38,0.84,13.29,5.08,40.72
2024-12-05,19.63,12.87,7.38,0.83,13.28,5.06,40.73
2024-12-06,19.64,12.85,7.38,0.82,13.3,5.06,40.73
2024-12-07,19.63,12.81,7.38,0.81,13.3,5.05,40.73
2024-12-08,19.62,12.79,7.38,0.8,13.28,5.05,40.73
2024-12-09,19.63,12.8,7.38,0.8,13.28,5.05,40.72
2024-12-10,19.64,12.78,7.37,0.79,13.28,5.05,40.72
2024-12-11,19.66,12.78,7.38,0.8,13.33,5.05,40.83
2024-12-12,19.65,12.78,7.4,0.81,13.32,5.03,40.79
2024-12-13,19.63,12.78,7.39,0.8,13.31,5.03,40.74
2024-12-14,19.63,12.78,7.38,0.79,13.31,5.01,40.73
2024-12-15,19.63,12.78,7.38,0.78,13.31,5.02,40.72
2024-12-16,19.63,12.78,7.38,0.77,13.32,5.05,40.72
2024-12-17,19.65,12.78,7.38,0.77,13.32,4.95,40.72
2024-12-18,19.65,12.78,7.38,0.77,13.32,4.79,40.72
2024-12-19,19.64,12.78,7.39,0.76,13.33,4.79,40.72
2024-12-20,19.65,12.78,7.38,0.77,13.35,4.77,40.71
2024-12-21,19.63,12.82,7.38,0.76,13.33,4.74,40.71
2024-12-22,19.61,12.97,7.38,0.75,13.31,4.7,40.71
2024-12-23,19.62,12.93,7.38,0.74,13.3,4.7,40.7
2024-12-24,19.64,12.91,7.37,0.74,13.3,4.7,40.71
2024-12-25,19.64,12.91,7.37,0.74,13.29,4.7,40.71
2024-12-26,19.65,12.89,7.37,0.73,13.29,4.7,40.71
2024-12-27,19.63,12.85,7.37,0.73,13.3,4.71,40.71
2024-12-28,19.61,12.9,7.37,0.73,13.29,4.71,40.71
2024-12-29,19.7,12.96,7.42,0.85,13.33,4.73,40.82
2024-12-30,19.94,13.19,7.62,1.06,13.41,4.83,40.89
2024-12-31,19.88,13.16,7.52,1.06,13.39,4.85,40.78
